Group,Table,Name,Description,Units,Module,Scenario,File,InputDir,DisplayUnits,DisplayUnitsFile,DBTable
Global,Bzone,Bzone,,"",visioneval,test,geo.csv,C:/Github/RSG_VEdev/VisionEval-Dev/built/development/4.3.2/runtime/models/test/defs,,None,Bzone_test_Global.csv
Global,Bzone,Azone,,"",visioneval,test,geo.csv,C:/Github/RSG_VEdev/VisionEval-Dev/built/development/4.3.2/runtime/models/test/defs,,None,Bzone_test_Global.csv
Global,Bzone,Marea,,"",visioneval,test,geo.csv,C:/Github/RSG_VEdev/VisionEval-Dev/built/development/4.3.2/runtime/models/test/defs,,None,Bzone_test_Global.csv
Global,Bzone,Global,Global group indicator,"","",test,"","","","",Bzone_test_Global.csv
Global,Bzone,Year,Year group indicator,"","",test,"","","","",Bzone_test_Global.csv
Global,Bzone,Scenario,Scenario group indicator,"","",test,"","","","",Bzone_test_Global.csv
Global,Azone,Azone,,"",visioneval,test,geo.csv,C:/Github/RSG_VEdev/VisionEval-Dev/built/development/4.3.2/runtime/models/test/defs,,None,Azone_test_Global.csv
Global,Azone,Marea,,"",visioneval,test,geo.csv,C:/Github/RSG_VEdev/VisionEval-Dev/built/development/4.3.2/runtime/models/test/defs,,None,Azone_test_Global.csv
Global,Azone,Global,Global group indicator,"","",test,"","","","",Azone_test_Global.csv
Global,Azone,Year,Year group indicator,"","",test,"","","","",Azone_test_Global.csv
Global,Azone,Scenario,Scenario group indicator,"","",test,"","","","",Azone_test_Global.csv
Global,Marea,Marea,,"",visioneval,test,geo.csv,C:/Github/RSG_VEdev/VisionEval-Dev/built/development/4.3.2/runtime/models/test/defs,,None,Marea_test_Global.csv
Global,Marea,UzaNameLookup,Name(s) of urbanized area(s) in default tables corresponding to the Marea(s). This may be omitted if values are provided for both UrbanLdvDvmt and UrbanHvyTrkDvmt. The name(s) must be consistent with names in the urbanized area names in the default data. See module documentation for a listing.,ID,Initialize,test,marea_base_year_dvmt.csv,C:/Github/RSG_VEdev/VisionEval-Dev/built/development/4.3.2/runtime/models/test/inputs,,None,Marea_test_Global.csv
Global,Marea,UrbanLdvDvmt,Average daily vehicle miles of travel on roadways in the urbanized portion of the Marea by light-duty vehicles during the base year. This value may be omitted if a value for UzaNameLookup is provided so that a value may be computed from the urbanized area per capita rate tabulated by the LoadDefaultRoadDvmtValues.R script and the base year urban population.,MI/DAY,Initialize,test,marea_base_year_dvmt.csv,C:/Github/RSG_VEdev/VisionEval-Dev/built/development/4.3.2/runtime/models/test/inputs,,None,Marea_test_Global.csv
Global,Marea,UrbanHvyTrkDvmt,Average daily vehicle miles of travel on roadways in the urbanized portion of the Marea by heavy trucks during he base year. This value may be omitted if a value for UzaNameLookup is provided so that a value may be computed from the urbanized area per capita rate tabulated by the LoadDefaultRoadDvmtValues.R script and the base year urban population.,MI/DAY,Initialize,test,marea_base_year_dvmt.csv,C:/Github/RSG_VEdev/VisionEval-Dev/built/development/4.3.2/runtime/models/test/inputs,,None,Marea_test_Global.csv
Global,Marea,LdvFwyDvmtProp,Proportion of light-duty daily vehicle miles of travel in the urbanized portion of the Marea occurring on freeways,proportion,Initialize,test,marea_dvmt_split_by_road_class.csv,C:/Github/RSG_VEdev/VisionEval-Dev/built/development/4.3.2/runtime/models/test/inputs,,None,Marea_test_Global.csv
Global,Marea,LdvArtDvmtProp,Proportion of light-duty daily vehicle miles of travel in the urbanized portion of the Marea occurring on arterial roadways,proportion,Initialize,test,marea_dvmt_split_by_road_class.csv,C:/Github/RSG_VEdev/VisionEval-Dev/built/development/4.3.2/runtime/models/test/inputs,,None,Marea_test_Global.csv
Global,Marea,LdvOthDvmtProp,Proportion of light-duty daily vehicle miles of travel in the urbanized portion of the Marea occurring on other roadways,proportion,Initialize,test,marea_dvmt_split_by_road_class.csv,C:/Github/RSG_VEdev/VisionEval-Dev/built/development/4.3.2/runtime/models/test/inputs,,None,Marea_test_Global.csv
Global,Marea,HvyTrkFwyDvmtProp,Proportion of heavy truck daily vehicle miles of travel in the urbanized portion of the Marea occurring on freeways,proportion,Initialize,test,marea_dvmt_split_by_road_class.csv,C:/Github/RSG_VEdev/VisionEval-Dev/built/development/4.3.2/runtime/models/test/inputs,,None,Marea_test_Global.csv
Global,Marea,HvyTrkArtDvmtProp,Proportion of heavy truck daily vehicle miles of travel in the urbanized portion of the Marea occurring on arterial roadways,proportion,Initialize,test,marea_dvmt_split_by_road_class.csv,C:/Github/RSG_VEdev/VisionEval-Dev/built/development/4.3.2/runtime/models/test/inputs,,None,Marea_test_Global.csv
Global,Marea,HvyTrkOthDvmtProp,Proportion of heavy truck daily vehicle miles of travel in the urbanized portion of the Marea occurring on other roadways,proportion,Initialize,test,marea_dvmt_split_by_road_class.csv,C:/Github/RSG_VEdev/VisionEval-Dev/built/development/4.3.2/runtime/models/test/inputs,,None,Marea_test_Global.csv
Global,Marea,BusFwyDvmtProp,Proportion of bus daily vehicle miles of travel in the urbanized portion of the Marea occurring on freeways,proportion,Initialize,test,marea_dvmt_split_by_road_class.csv,C:/Github/RSG_VEdev/VisionEval-Dev/built/development/4.3.2/runtime/models/test/inputs,,None,Marea_test_Global.csv
Global,Marea,BusArtDvmtProp,Proportion of bus daily vehicle miles of travel in the urbanized portion of the Marea occurring on arterial roadways,proportion,Initialize,test,marea_dvmt_split_by_road_class.csv,C:/Github/RSG_VEdev/VisionEval-Dev/built/development/4.3.2/runtime/models/test/inputs,,None,Marea_test_Global.csv
Global,Marea,BusOthDvmtProp,Proportion of bus daily vehicle miles of travel in the urbanized portion of the Marea occuring on other roadways,proportion,Initialize,test,marea_dvmt_split_by_road_class.csv,C:/Github/RSG_VEdev/VisionEval-Dev/built/development/4.3.2/runtime/models/test/inputs,,None,Marea_test_Global.csv
Global,Marea,ComSvcDvmtHhDvmtFactor,Ratio of Marea base year commercial service DVMT to household DVMT,proportion,CalculateRoadDvmt,test,"","",,None,Marea_test_Global.csv
Global,Marea,ComSvcDvmtIncomeFactor,Ratio of base year commercial service vehicle DVMT to household income,MI/USD,CalculateRoadDvmt,test,"","",,None,Marea_test_Global.csv
Global,Marea,HvyTrkDvmtIncomeFactor,Ratio of base year heavy truck DVMT to household income,MI/USD,CalculateRoadDvmt,test,"","",,None,Marea_test_Global.csv
Global,Marea,ComSvcDvmtPopulationFactor,Ratio of base year commercial service vehicle DVMT to population,MI/PRSN,CalculateRoadDvmt,test,"","",,None,Marea_test_Global.csv
Global,Marea,HvyTrkDvmtPopulationFactor,Ratio of base year heavy truck DVMT to population,MI/PRSN,CalculateRoadDvmt,test,"","",,None,Marea_test_Global.csv
Global,Marea,LdvUrbanRoadProp,The proportion of the DVMT of households residing in the marea and associated commercial service DVMT that occurs on urbanized area roadways in the marea,proportion,CalculateRoadDvmt,test,"","",,None,Marea_test_Global.csv
Global,Marea,LambdaAdj,Constant to adjust the modeled lambda parameter to match base year freeway and arterial LDV proportions,constant,CalculateRoadPerformance,test,"","",,None,Marea_test_Global.csv
Global,Marea,Global,Global group indicator,"","",test,"","","","",Marea_test_Global.csv
Global,Marea,Year,Year group indicator,"","",test,"","","","",Marea_test_Global.csv
Global,Marea,Scenario,Scenario group indicator,"","",test,"","","","",Marea_test_Global.csv
Global,Model,ValueOfTime,,base cost year dollars per hour,VERSPM Test,test,"","",,None,Model_test_Global.csv
Global,Model,Global,Global group indicator,"","",test,"","","","",Model_test_Global.csv
Global,Model,Year,Year group indicator,"","",test,"","","","",Model_test_Global.csv
Global,Model,Scenario,Scenario group indicator,"","",test,"","","","",Model_test_Global.csv
Global,Region,StateAbbrLookup,"Postal code abbreviation of the 50 states, the District of Columbia (DC), or Puerto Rico (PR) where the region is located. It is recommended that the value be blank if the model is not a state model (i.e. is a model for a metropolitan area). See the module documentation for details.",ID,Initialize,test,region_base_year_dvmt.csv,C:/Github/RSG_VEdev/VisionEval-Dev/built/development/4.3.2/runtime/models/test/inputs,,None,Region_test_Global.csv
Global,Region,HvyTrkDvmtGrowthBasis,Factor used to grow heavy truck DVMT from base year value,ID,Initialize,test,region_base_year_dvmt.csv,C:/Github/RSG_VEdev/VisionEval-Dev/built/development/4.3.2/runtime/models/test/inputs,,None,Region_test_Global.csv
Global,Region,HvyTrkDvmt,"Average daily vehicle miles of travel on roadways in the region by heavy trucks during the base year. The value for this input may be NA instead of number. In that case, if a state abbreviation is provided, the base year value is calculated from the state per capita rate tabulated by the LoadDefaultRoadDvmtValues.R script and the base year population. If the state abbreviation is NA (as for a metropolitan model) the base year value is calculated from metropolitan area per capita rates and metropolitan area population.",MI/DAY,Initialize,test,region_base_year_dvmt.csv,C:/Github/RSG_VEdev/VisionEval-Dev/built/development/4.3.2/runtime/models/test/inputs,,None,Region_test_Global.csv
Global,Region,ComSvcDvmtGrowthBasis,Factor used to grow commercial service vehicle DVMT in Marea from base year value,ID,Initialize,test,region_base_year_dvmt.csv,C:/Github/RSG_VEdev/VisionEval-Dev/built/development/4.3.2/runtime/models/test/inputs,,None,Region_test_Global.csv
Global,Region,HvyTrkDvmtIncomeFactor,Ratio of Region base year heavy truck DVMT to household income,MI/USD,CalculateRoadDvmt,test,"","",,None,Region_test_Global.csv
Global,Region,HvyTrkDvmtPopulationFactor,Ratio of Region base year heavy truck DVMT to population,MI/PRSN,CalculateRoadDvmt,test,"","",,None,Region_test_Global.csv
Global,Region,Global,Global group indicator,"","",test,"","","","",Region_test_Global.csv
Global,Region,Year,Year group indicator,"","",test,"","","","",Region_test_Global.csv
Global,Region,Scenario,Scenario group indicator,"","",test,"","","","",Region_test_Global.csv
Global,OtherOpsEffectiveness,Level,"Congestion levels: None = none, Mod = moderate, Hvy = heavy, Sev = severe, Ext = extreme",category,Initialize,test,other_ops_effectiveness.csv,C:/Github/RSG_VEdev/VisionEval-Dev/built/development/4.3.2/runtime/models/test/inputs,,None,OtherOpsEffectiveness_test_Global.csv
Global,OtherOpsEffectiveness,Art_Rcr,Percentage reduction of recurring arterial delay that would occur with full deployment of other user-defined arterial operations measures,percentage,Initialize,test,other_ops_effectiveness.csv,C:/Github/RSG_VEdev/VisionEval-Dev/built/development/4.3.2/runtime/models/test/inputs,,None,OtherOpsEffectiveness_test_Global.csv
Global,OtherOpsEffectiveness,Art_NonRcr,Percentage reduction of non-recurring arterial delay that would occur with full deployment of other user-defined arterial operations measures,percentage,Initialize,test,other_ops_effectiveness.csv,C:/Github/RSG_VEdev/VisionEval-Dev/built/development/4.3.2/runtime/models/test/inputs,,None,OtherOpsEffectiveness_test_Global.csv
Global,OtherOpsEffectiveness,Fwy_Rcr,Percentage reduction of recurring freeway delay that would occur with full deployment of other user-defined freeway operations measures,percentage,Initialize,test,other_ops_effectiveness.csv,C:/Github/RSG_VEdev/VisionEval-Dev/built/development/4.3.2/runtime/models/test/inputs,,None,OtherOpsEffectiveness_test_Global.csv
Global,OtherOpsEffectiveness,Fwy_NonRcr,Percentage reduction of non-recurring freeway delay that would occur with full deployment of other user-defined freeway operations measures,percentage,Initialize,test,other_ops_effectiveness.csv,C:/Github/RSG_VEdev/VisionEval-Dev/built/development/4.3.2/runtime/models/test/inputs,,None,OtherOpsEffectiveness_test_Global.csv
Global,OtherOpsEffectiveness,Global,Global group indicator,"","",test,"","","","",OtherOpsEffectiveness_test_Global.csv
Global,OtherOpsEffectiveness,Year,Year group indicator,"","",test,"","","","",OtherOpsEffectiveness_test_Global.csv
Global,OtherOpsEffectiveness,Scenario,Scenario group indicator,"","",test,"","","","",OtherOpsEffectiveness_test_Global.csv
2010,Bzone,Bzone,,"",visioneval,test,geo.csv,C:/Github/RSG_VEdev/VisionEval-Dev/built/development/4.3.2/runtime/models/test/defs,,None,Bzone_test_2010.csv
2010,Bzone,Azone,,"",visioneval,test,geo.csv,C:/Github/RSG_VEdev/VisionEval-Dev/built/development/4.3.2/runtime/models/test/defs,,None,Bzone_test_2010.csv
2010,Bzone,Marea,,"",visioneval,test,geo.csv,C:/Github/RSG_VEdev/VisionEval-Dev/built/development/4.3.2/runtime/models/test/defs,,None,Bzone_test_2010.csv
2010,Bzone,SFDU,Number of single family dwelling units (PUMS codes 01 - 03) in zone,DU,PredictHousing,test,bzone_dwelling_units.csv,C:/Github/RSG_VEdev/VisionEval-Dev/built/development/4.3.2/runtime/models/test/inputs,,None,Bzone_test_2010.csv
2010,Bzone,MFDU,Number of multi-family dwelling units (PUMS codes 04 - 09) in zone,DU,PredictHousing,test,bzone_dwelling_units.csv,C:/Github/RSG_VEdev/VisionEval-Dev/built/development/4.3.2/runtime/models/test/inputs,,None,Bzone_test_2010.csv
2010,Bzone,GQDU,Number of qroup quarters population accommodations in zone,DU,PredictHousing,test,bzone_dwelling_units.csv,C:/Github/RSG_VEdev/VisionEval-Dev/built/development/4.3.2/runtime/models/test/inputs,,None,Bzone_test_2010.csv
2010,Bzone,HhPropIncQ1,Proportion of Bzone households (non-group quarters) in 1st quartile of Azone household income,NA,PredictHousing,test,bzone_hh_inc_qrtl_prop.csv,C:/Github/RSG_VEdev/VisionEval-Dev/built/development/4.3.2/runtime/models/test/inputs,,None,Bzone_test_2010.csv
2010,Bzone,HhPropIncQ2,Proportion of Bzone households (non-group quarters) in 2nd quartile of Azone household income,NA,PredictHousing,test,bzone_hh_inc_qrtl_prop.csv,C:/Github/RSG_VEdev/VisionEval-Dev/built/development/4.3.2/runtime/models/test/inputs,,None,Bzone_test_2010.csv
2010,Bzone,HhPropIncQ3,Proportion of Bzone households (non-group quarters) in 3rd quartile of Azone household income,NA,PredictHousing,test,bzone_hh_inc_qrtl_prop.csv,C:/Github/RSG_VEdev/VisionEval-Dev/built/development/4.3.2/runtime/models/test/inputs,,None,Bzone_test_2010.csv
2010,Bzone,HhPropIncQ4,Proportion of Bzone households (non-group quarters) in 4th quartile of Azone household income,NA,PredictHousing,test,bzone_hh_inc_qrtl_prop.csv,C:/Github/RSG_VEdev/VisionEval-Dev/built/development/4.3.2/runtime/models/test/inputs,,None,Bzone_test_2010.csv
2010,Bzone,TotEmp,Total number of jobs in zone,PRSN,LocateEmployment,test,bzone_employment.csv,C:/Github/RSG_VEdev/VisionEval-Dev/built/development/4.3.2/runtime/models/test/inputs,,None,Bzone_test_2010.csv
2010,Bzone,RetEmp,Number of jobs in retail sector in zone,PRSN,LocateEmployment,test,bzone_employment.csv,C:/Github/RSG_VEdev/VisionEval-Dev/built/development/4.3.2/runtime/models/test/inputs,,None,Bzone_test_2010.csv
2010,Bzone,SvcEmp,Number of jobs in service sector in zone,PRSN,LocateEmployment,test,bzone_employment.csv,C:/Github/RSG_VEdev/VisionEval-Dev/built/development/4.3.2/runtime/models/test/inputs,,None,Bzone_test_2010.csv
2010,Bzone,Latitude,Latitude in decimal degrees of the centroid of the zone,NA,LocateEmployment,test,bzone_lat_lon.csv,C:/Github/RSG_VEdev/VisionEval-Dev/built/development/4.3.2/runtime/models/test/inputs,,None,Bzone_test_2010.csv
2010,Bzone,Longitude,Longitude in decimal degrees of the centroid of the zone,NA,LocateEmployment,test,bzone_lat_lon.csv,C:/Github/RSG_VEdev/VisionEval-Dev/built/development/4.3.2/runtime/models/test/inputs,,None,Bzone_test_2010.csv
2010,Bzone,PropUrbanSFDU,Proportion of single family dwelling units located within the urban portion of the zone,NA,AssignLocTypes,test,bzone_urban-town_du_proportions.csv,C:/Github/RSG_VEdev/VisionEval-Dev/built/development/4.3.2/runtime/models/test/inputs,,None,Bzone_test_2010.csv
2010,Bzone,PropUrbanMFDU,Proportion of multi-family dwelling units located within the urban portion of the zone,NA,AssignLocTypes,test,bzone_urban-town_du_proportions.csv,C:/Github/RSG_VEdev/VisionEval-Dev/built/development/4.3.2/runtime/models/test/inputs,,None,Bzone_test_2010.csv
2010,Bzone,PropUrbanGQDU,Proportion of group quarters accommodations located within the urban portion of the zone,NA,AssignLocTypes,test,bzone_urban-town_du_proportions.csv,C:/Github/RSG_VEdev/VisionEval-Dev/built/development/4.3.2/runtime/models/test/inputs,,None,Bzone_test_2010.csv
2010,Bzone,PropTownSFDU,Proportion of single family dwelling units located within the town portion of the zone,NA,AssignLocTypes,test,bzone_urban-town_du_proportions.csv,C:/Github/RSG_VEdev/VisionEval-Dev/built/development/4.3.2/runtime/models/test/inputs,,None,Bzone_test_2010.csv
2010,Bzone,PropTownMFDU,Proportion of multi-family dwelling units located within the town portion of the zone,NA,AssignLocTypes,test,bzone_urban-town_du_proportions.csv,C:/Github/RSG_VEdev/VisionEval-Dev/built/development/4.3.2/runtime/models/test/inputs,,None,Bzone_test_2010.csv
2010,Bzone,PropTownGQDU,Proportion of group quarters accommodations located within the town portion of the zone,NA,AssignLocTypes,test,bzone_urban-town_du_proportions.csv,C:/Github/RSG_VEdev/VisionEval-Dev/built/development/4.3.2/runtime/models/test/inputs,,None,Bzone_test_2010.csv
2010,Bzone,UrbanArea,Area that is Urban and unprotected (i.e. developable) within the zone,SQMI,Calculate4DMeasures,test,bzone_unprotected_area.csv,C:/Github/RSG_VEdev/VisionEval-Dev/built/development/4.3.2/runtime/models/test/inputs,,None,Bzone_test_2010.csv
2010,Bzone,TownArea,Area that is Town and unprotected (i.e. developable) within the zone,SQMI,Calculate4DMeasures,test,bzone_unprotected_area.csv,C:/Github/RSG_VEdev/VisionEval-Dev/built/development/4.3.2/runtime/models/test/inputs,,None,Bzone_test_2010.csv
2010,Bzone,RuralArea,Area that is Rural and unprotected (i.e. developable) within the zone,SQMI,Calculate4DMeasures,test,bzone_unprotected_area.csv,C:/Github/RSG_VEdev/VisionEval-Dev/built/development/4.3.2/runtime/models/test/inputs,,None,Bzone_test_2010.csv
2010,Bzone,D3bpo4,Intersection density in terms of pedestrian-oriented intersections having four or more legs per square mile (Ref: EPA 2010 Smart Location Database),pedestrian-oriented intersections per square mile,Calculate4DMeasures,test,bzone_network_design.csv,C:/Github/RSG_VEdev/VisionEval-Dev/built/development/4.3.2/runtime/models/test/inputs,,None,Bzone_test_2010.csv
2010,Bzone,MixUseProp,Target for proportion of households located in mixed-use neighborhoods in zone (or NA if no target),proportion,CalculateUrbanMixMeasure,test,bzone_urban-mixed-use_prop.csv,C:/Github/RSG_VEdev/VisionEval-Dev/built/development/4.3.2/runtime/models/test/inputs,,None,Bzone_test_2010.csv
2010,Bzone,PkgSpacesPerSFDU,Average number of free parking spaces available to residents of single-family dwelling units,parking spaces,AssignParkingRestrictions,test,bzone_parking.csv,C:/Github/RSG_VEdev/VisionEval-Dev/built/development/4.3.2/runtime/models/test/inputs,,None,Bzone_test_2010.csv
2010,Bzone,PkgSpacesPerMFDU,Average number of free parking spaces available to residents of multifamily dwelling units,parking spaces,AssignParkingRestrictions,test,bzone_parking.csv,C:/Github/RSG_VEdev/VisionEval-Dev/built/development/4.3.2/runtime/models/test/inputs,,None,Bzone_test_2010.csv
2010,Bzone,PkgSpacesPerGQ,Average number of free parking spaces available to group quarters residents,parking spaces,AssignParkingRestrictions,test,bzone_parking.csv,C:/Github/RSG_VEdev/VisionEval-Dev/built/development/4.3.2/runtime/models/test/inputs,,None,Bzone_test_2010.csv
2010,Bzone,PropWkrPay,Proportion of workers who pay for parking,proportion,AssignParkingRestrictions,test,bzone_parking.csv,C:/Github/RSG_VEdev/VisionEval-Dev/built/development/4.3.2/runtime/models/test/inputs,,None,Bzone_test_2010.csv
2010,Bzone,PropCashOut,Proportions of workers paying for parking in a cash-out-buy-back program,proportion,AssignParkingRestrictions,test,bzone_parking.csv,C:/Github/RSG_VEdev/VisionEval-Dev/built/development/4.3.2/runtime/models/test/inputs,,None,Bzone_test_2010.csv
2010,Bzone,PropNonWrkTripPay,Proportion of non-work trips who pay for parking,proportion,AssignParkingRestrictions,test,bzone_parking.csv,C:/Github/RSG_VEdev/VisionEval-Dev/built/development/4.3.2/runtime/models/test/inputs,,None,Bzone_test_2010.csv
2010,Bzone,PkgCost,Average daily cost for long-term parking (e.g. paid on monthly basis),USD,AssignParkingRestrictions,test,bzone_parking.csv,C:/Github/RSG_VEdev/VisionEval-Dev/built/development/4.3.2/runtime/models/test/inputs,,None,Bzone_test_2010.csv
2010,Bzone,EcoProp,Proportion of workers working in Bzone who participate in strong employee commute options program,proportion,AssignDemandManagement,test,bzone_travel_demand_mgt.csv,C:/Github/RSG_VEdev/VisionEval-Dev/built/development/4.3.2/runtime/models/test/inputs,,None,Bzone_test_2010.csv
2010,Bzone,ImpProp,Proportion of households residing in Bzone who participate in strong individualized marketing program,proportion,AssignDemandManagement,test,bzone_travel_demand_mgt.csv,C:/Github/RSG_VEdev/VisionEval-Dev/built/development/4.3.2/runtime/models/test/inputs,,None,Bzone_test_2010.csv
2010,Bzone,CarSvcLevel,Level of car service availability. High means access is competitive with household owned car. Low is not competitive.,category,AssignCarSvcAvailability,test,bzone_carsvc_availability.csv,C:/Github/RSG_VEdev/VisionEval-Dev/built/development/4.3.2/runtime/models/test/inputs,,None,Bzone_test_2010.csv
2010,Bzone,D4c,Aggregate frequency of transit service within 0.25 miles of block group boundary per hour during evening peak period (Ref: EPA 2010 Smart Location Database),aggregate peak period transit service,AssignTransitService,test,bzone_transit_service.csv,C:/Github/RSG_VEdev/VisionEval-Dev/built/development/4.3.2/runtime/models/test/inputs,,None,Bzone_test_2010.csv
2010,Bzone,SF,Number of households living in single family dwelling units in zone,DU,PredictHousing,test,"","",,None,Bzone_test_2010.csv
2010,Bzone,MF,Number of households living in multi-family dwelling units in zone,DU,PredictHousing,test,"","",,None,Bzone_test_2010.csv
2010,Bzone,GQ,Number of persons living in group quarters in zone,DU,PredictHousing,test,"","",,None,Bzone_test_2010.csv
2010,Bzone,Pop,Population residing in zone,PRSN,PredictHousing,test,"","",,None,Bzone_test_2010.csv
2010,Bzone,NumHh,Number of households (non-group and group quarters) residing in zone,HH,PredictHousing,test,"","",,None,Bzone_test_2010.csv
2010,Bzone,NumWkr,Number of workers residing in zone,PRSN,PredictHousing,test,"","",,None,Bzone_test_2010.csv
2010,Bzone,UrbanPop,Urbanized area population in the Bzone,PRSN,AssignLocTypes,test,"","",,None,Bzone_test_2010.csv
2010,Bzone,TownPop,Town (i.e. urban but non-urbanized area) population in the Bzone,PRSN,AssignLocTypes,test,"","",,None,Bzone_test_2010.csv
2010,Bzone,RuralPop,Rural (i.e. not urbanized and not town) population in the Bzone,PRSN,AssignLocTypes,test,"","",,None,Bzone_test_2010.csv
2010,Bzone,D1B,Gross population density (people/acre) on unprotected (i.e. developable) land in zone (Ref: EPA 2010 Smart Location Database),PRSN/SQMI,Calculate4DMeasures,test,"","",,None,Bzone_test_2010.csv
2010,Bzone,D1C,Gross employment density (jobs/acre) on unprotected land (i.e. developable) land in zone (Ref: EPA 2010 Smart Location Database),JOB/SQMI,Calculate4DMeasures,test,"","",,None,Bzone_test_2010.csv
2010,Bzone,D1D,Gross activity density (employment + households) on unprotected land in zone (Ref: EPA 2010 Smart Location Database),HHJOB/SQMI,Calculate4DMeasures,test,"","",,None,Bzone_test_2010.csv
2010,Bzone,D2A_JPHH,Ratio of jobs to households in zone (Ref: EPA 2010 Smart Location Database),JOB/HH,Calculate4DMeasures,test,"","",,None,Bzone_test_2010.csv
2010,Bzone,D2A_WRKEMP,Ratio of workers to jobs in zone (Ref: EPA 2010 Smart Location Database),PRSN/JOB,Calculate4DMeasures,test,"","",,None,Bzone_test_2010.csv
2010,Bzone,D2A_EPHHM,"Employment and household entropy measure for zone considering numbers of households, retail jobs, service jobs, and other jobs (Ref: EPA 2010 Smart Location Database)",employment & household entropy,Calculate4DMeasures,test,"","",,None,Bzone_test_2010.csv
2010,Bzone,D5,Destination accessibility of zone calculated as harmonic mean of jobs within 2 miles and population within 5 miles,NA,Calculate4DMeasures,test,"","",,None,Bzone_test_2010.csv
2010,Bzone,Global,Global group indicator,"","",test,"","","","",Bzone_test_2010.csv
2010,Bzone,Year,Year group indicator,"","",test,"","","","",Bzone_test_2010.csv
2010,Bzone,Scenario,Scenario group indicator,"","",test,"","","","",Bzone_test_2010.csv
2010,Azone,Azone,,"",visioneval,test,geo.csv,C:/Github/RSG_VEdev/VisionEval-Dev/built/development/4.3.2/runtime/models/test/defs,,None,Azone_test_2010.csv
2010,Azone,Marea,,"",visioneval,test,geo.csv,C:/Github/RSG_VEdev/VisionEval-Dev/built/development/4.3.2/runtime/models/test/defs,,None,Azone_test_2010.csv
2010,Azone,Age0to14,Household (non-group quarters) population in 0 to 14 year old age group,PRSN,CreateHouseholds,test,azone_hh_pop_by_age.csv,C:/Github/RSG_VEdev/VisionEval-Dev/built/development/4.3.2/runtime/models/test/inputs,,None,Azone_test_2010.csv
2010,Azone,Age15to19,Household (non-group quarters) population in 15 to 19 year old age group,PRSN,CreateHouseholds,test,azone_hh_pop_by_age.csv,C:/Github/RSG_VEdev/VisionEval-Dev/built/development/4.3.2/runtime/models/test/inputs,,None,Azone_test_2010.csv
2010,Azone,Age20to29,Household (non-group quarters) population in 20 to 29 year old age group,PRSN,CreateHouseholds,test,azone_hh_pop_by_age.csv,C:/Github/RSG_VEdev/VisionEval-Dev/built/development/4.3.2/runtime/models/test/inputs,,None,Azone_test_2010.csv
2010,Azone,Age30to54,Household (non-group quarters) population in 30 to 54 year old age group,PRSN,CreateHouseholds,test,azone_hh_pop_by_age.csv,C:/Github/RSG_VEdev/VisionEval-Dev/built/development/4.3.2/runtime/models/test/inputs,,None,Azone_test_2010.csv
2010,Azone,Age55to64,Household (non-group quarters) population in 55 to 64 year old age group,PRSN,CreateHouseholds,test,azone_hh_pop_by_age.csv,C:/Github/RSG_VEdev/VisionEval-Dev/built/development/4.3.2/runtime/models/test/inputs,,None,Azone_test_2010.csv
2010,Azone,Age65Plus,Household (non-group quarters) population in 65 or older age group,PRSN,CreateHouseholds,test,azone_hh_pop_by_age.csv,C:/Github/RSG_VEdev/VisionEval-Dev/built/development/4.3.2/runtime/models/test/inputs,,None,Azone_test_2010.csv
2010,Azone,AveHhSize,Average household size of households (non-group quarters),PRSN/HH,CreateHouseholds,test,azone_hhsize_targets.csv,C:/Github/RSG_VEdev/VisionEval-Dev/built/development/4.3.2/runtime/models/test/inputs,,None,Azone_test_2010.csv
2010,Azone,Prop1PerHh,Proportion of households (non-group quarters) having only one person,proportion of households,CreateHouseholds,test,azone_hhsize_targets.csv,C:/Github/RSG_VEdev/VisionEval-Dev/built/development/4.3.2/runtime/models/test/inputs,,None,Azone_test_2010.csv
2010,Azone,GrpAge0to14,Group quarters population in 0 to 14 year old age group,PRSN,CreateHouseholds,test,azone_gq_pop_by_age.csv,C:/Github/RSG_VEdev/VisionEval-Dev/built/development/4.3.2/runtime/models/test/inputs,,None,Azone_test_2010.csv
2010,Azone,GrpAge15to19,Group quarters population in 15 to 19 year old age group,PRSN,CreateHouseholds,test,azone_gq_pop_by_age.csv,C:/Github/RSG_VEdev/VisionEval-Dev/built/development/4.3.2/runtime/models/test/inputs,,None,Azone_test_2010.csv
2010,Azone,GrpAge20to29,Group quarters population in 20 to 29 year old age group,PRSN,CreateHouseholds,test,azone_gq_pop_by_age.csv,C:/Github/RSG_VEdev/VisionEval-Dev/built/development/4.3.2/runtime/models/test/inputs,,None,Azone_test_2010.csv
2010,Azone,GrpAge30to54,Group quarters population in 30 to 54 year old age group,PRSN,CreateHouseholds,test,azone_gq_pop_by_age.csv,C:/Github/RSG_VEdev/VisionEval-Dev/built/development/4.3.2/runtime/models/test/inputs,,None,Azone_test_2010.csv
2010,Azone,GrpAge55to64,Group quarters population in 55 to 64 year old age group,PRSN,CreateHouseholds,test,azone_gq_pop_by_age.csv,C:/Github/RSG_VEdev/VisionEval-Dev/built/development/4.3.2/runtime/models/test/inputs,,None,Azone_test_2010.csv
2010,Azone,GrpAge65Plus,Group quarters population in 65 or older age group,PRSN,CreateHouseholds,test,azone_gq_pop_by_age.csv,C:/Github/RSG_VEdev/VisionEval-Dev/built/development/4.3.2/runtime/models/test/inputs,,None,Azone_test_2010.csv
2010,Azone,HHIncomePC,Average annual per capita income of households (non-group quarters),USD,PredictIncome,test,azone_per_cap_inc.csv,C:/Github/RSG_VEdev/VisionEval-Dev/built/development/4.3.2/runtime/models/test/inputs,,None,Azone_test_2010.csv
2010,Azone,GQIncomePC,Average annual per capita income of group quarters population,USD,PredictIncome,test,azone_per_cap_inc.csv,C:/Github/RSG_VEdev/VisionEval-Dev/built/development/4.3.2/runtime/models/test/inputs,,None,Azone_test_2010.csv
2010,Azone,AveVehPerDriver,Average number of household vehicles per licensed driver by Azone,NA/,AssignVehicleOwnership,test,azone_hh_ave_veh_per_driver.csv,C:/Github/RSG_VEdev/VisionEval-Dev/built/development/4.3.2/runtime/models/test/inputs,,None,Azone_test_2010.csv
2010,Azone,LtTrkProp,"Proportion of household vehicles that are light trucks (pickup, SUV, van)",proportion,AssignVehicleType,test,azone_hh_lttrk_prop.csv,C:/Github/RSG_VEdev/VisionEval-Dev/built/development/4.3.2/runtime/models/test/inputs,,None,Azone_test_2010.csv
2010,Azone,HighCarSvcCost,"Average cost in dollars per mile for travel by high service level car service exclusive of the cost of fuel, road use taxes, and carbon taxes (and any other social costs charged to vehicle use).",USD,CreateVehicleTable,test,azone_carsvc_characteristics.csv,C:/Github/RSG_VEdev/VisionEval-Dev/built/development/4.3.2/runtime/models/test/inputs,,None,Azone_test_2010.csv
2010,Azone,LowCarSvcCost,"Average cost in dollars per mile for travel by low service level car service exclusive of the cost of fuel, road use taxes, and carbon taxes (and any other social costs charged to vehicle use).",USD,CreateVehicleTable,test,azone_carsvc_characteristics.csv,C:/Github/RSG_VEdev/VisionEval-Dev/built/development/4.3.2/runtime/models/test/inputs,,None,Azone_test_2010.csv
2010,Azone,AveCarSvcVehicleAge,Average age of car service vehicles in years,DAY,CreateVehicleTable,test,azone_carsvc_characteristics.csv,C:/Github/RSG_VEdev/VisionEval-Dev/built/development/4.3.2/runtime/models/test/inputs,,None,Azone_test_2010.csv
2010,Azone,LtTrkCarSvcSubProp,The proportion of light-truck owners who would substitute a less-costly car service option for owning their light truck,proportion,CreateVehicleTable,test,azone_carsvc_characteristics.csv,C:/Github/RSG_VEdev/VisionEval-Dev/built/development/4.3.2/runtime/models/test/inputs,,None,Azone_test_2010.csv
2010,Azone,AutoCarSvcSubProp,Th proportion of automobile owners who would substitute a less-costly car service option for owning their automobile,proportion,CreateVehicleTable,test,azone_carsvc_characteristics.csv,C:/Github/RSG_VEdev/VisionEval-Dev/built/development/4.3.2/runtime/models/test/inputs,,None,Azone_test_2010.csv
2010,Azone,AutoMeanAge,Mean age of automobiles owned or leased by households.,DAY,AssignVehicleAge,test,azone_hh_veh_mean_age.csv,C:/Github/RSG_VEdev/VisionEval-Dev/built/development/4.3.2/runtime/models/test/inputs,,None,Azone_test_2010.csv
2010,Azone,LtTrkMeanAge,Mean age of light trucks owned or leased by households.,DAY,AssignVehicleAge,test,azone_hh_veh_mean_age.csv,C:/Github/RSG_VEdev/VisionEval-Dev/built/development/4.3.2/runtime/models/test/inputs,,None,Azone_test_2010.csv
2010,Azone,VehOwnFlatRateFee,Annual flat rate tax per vehicle in dollars,USD,CalculateVehicleOwnCost,test,azone_hh_veh_own_taxes.csv,C:/Github/RSG_VEdev/VisionEval-Dev/built/development/4.3.2/runtime/models/test/inputs,,None,Azone_test_2010.csv
2010,Azone,VehOwnAdValoremTax,Annual proportion of vehicle value paid in taxes,proportion,CalculateVehicleOwnCost,test,azone_hh_veh_own_taxes.csv,C:/Github/RSG_VEdev/VisionEval-Dev/built/development/4.3.2/runtime/models/test/inputs,,None,Azone_test_2010.csv
2010,Azone,PaydHhProp,Proportion of households in the Azone who have pay-as-you-drive insurance for their vehicles,proportion,CalculateVehicleOwnCost,test,azone_payd_insurance_prop.csv,C:/Github/RSG_VEdev/VisionEval-Dev/built/development/4.3.2/runtime/models/test/inputs,,None,Azone_test_2010.csv
2010,Azone,PropSovDvmtDiverted,Goals for the proportion of household DVMT in single occupant vehicle tours with round-trip distances of 20 miles or less be diverted to bicycling or other slow speed modes of travel,Proportion,DivertSovTravel,test,azone_prop_sov_dvmt_diverted.csv,C:/Github/RSG_VEdev/VisionEval-Dev/built/development/4.3.2/runtime/models/test/inputs,,None,Azone_test_2010.csv
2010,Azone,ElectricityCI,Carbon intensity of electricity at point of consumption (grams CO2e per megajoule),KG/GGE,Initialize,test,azone_electricity_carbon_intensity.csv,C:/Github/RSG_VEdev/VisionEval-Dev/built/development/4.3.2/runtime/models/test/inputs,,None,Azone_test_2010.csv
2010,Azone,PropSFChargingAvail,Proportion of single-family dwellings in Azone that have PEV charging facilties installed or able to be installed,proportion,AssignHhVehiclePowertrain,test,azone_charging_availability.csv,C:/Github/RSG_VEdev/VisionEval-Dev/built/development/4.3.2/runtime/models/test/inputs,,None,Azone_test_2010.csv
2010,Azone,PropMFChargingAvail,Proportion of multi-family dwelling units in Azone that have PEV charging facilities available,proportion,AssignHhVehiclePowertrain,test,azone_charging_availability.csv,C:/Github/RSG_VEdev/VisionEval-Dev/built/development/4.3.2/runtime/models/test/inputs,,None,Azone_test_2010.csv
2010,Azone,PropGQChargingAvail,Proportion of group quarters dwelling units in Azone that have PEV charging facilities available,proportion,AssignHhVehiclePowertrain,test,azone_charging_availability.csv,C:/Github/RSG_VEdev/VisionEval-Dev/built/development/4.3.2/runtime/models/test/inputs,,None,Azone_test_2010.csv
2010,Azone,OwnedVehAccessTime,Average amount of time in minutes required for access to and egress from a household-owned vehicle for a trip,DAY,CalculateVehicleOperatingCost,test,azone_vehicle_access_times.csv,C:/Github/RSG_VEdev/VisionEval-Dev/built/development/4.3.2/runtime/models/test/inputs,,None,Azone_test_2010.csv
2010,Azone,HighCarSvcAccessTime,Average amount of time in minutes required for access to and egress from a high service level car service for a trip,DAY,CalculateVehicleOperatingCost,test,azone_vehicle_access_times.csv,C:/Github/RSG_VEdev/VisionEval-Dev/built/development/4.3.2/runtime/models/test/inputs,,None,Azone_test_2010.csv
2010,Azone,LowCarSvcAccessTime,Average amount of time in minutes required for access to and egress from a low service level car service for a trip,DAY,CalculateVehicleOperatingCost,test,azone_vehicle_access_times.csv,C:/Github/RSG_VEdev/VisionEval-Dev/built/development/4.3.2/runtime/models/test/inputs,,None,Azone_test_2010.csv
2010,Azone,FuelCost,Retail cost of fuel per gas gallon equivalent in dollars,USD,CalculateVehicleOperatingCost,test,azone_fuel_power_cost.csv,C:/Github/RSG_VEdev/VisionEval-Dev/built/development/4.3.2/runtime/models/test/inputs,,None,Azone_test_2010.csv
2010,Azone,PowerCost,Retail cost of electric power per kilowatt-hour in dollars,USD,CalculateVehicleOperatingCost,test,azone_fuel_power_cost.csv,C:/Github/RSG_VEdev/VisionEval-Dev/built/development/4.3.2/runtime/models/test/inputs,,None,Azone_test_2010.csv
2010,Azone,FuelTax,Tax per gas gallon equivalent of fuel in dollars,USD,CalculateVehicleOperatingCost,test,azone_veh_use_taxes.csv,C:/Github/RSG_VEdev/VisionEval-Dev/built/development/4.3.2/runtime/models/test/inputs,,None,Azone_test_2010.csv
2010,Azone,VmtTax,Tax per mile of vehicle travel in dollars,USD,CalculateVehicleOperatingCost,test,azone_veh_use_taxes.csv,C:/Github/RSG_VEdev/VisionEval-Dev/built/development/4.3.2/runtime/models/test/inputs,,None,Azone_test_2010.csv
2010,Azone,PevSurchgTaxProp,Proportion of equivalent gas tax per mile paid by hydrocarbon fuel consuming vehicles to be charged to plug-in electric vehicles per mile of travel powered by electricity,proportion,CalculateVehicleOperatingCost,test,azone_veh_use_taxes.csv,C:/Github/RSG_VEdev/VisionEval-Dev/built/development/4.3.2/runtime/models/test/inputs,,None,Azone_test_2010.csv
2010,Azone,NumHh,Number of households (non-group quarters),HH,CreateHouseholds,test,"","",,None,Azone_test_2010.csv
2010,Azone,NumGq,Number of people in non-institutional group quarters,PRSN,CreateHouseholds,test,"","",,None,Azone_test_2010.csv
2010,Azone,NumWkr,Number of workers residing in the zone,PRSN,PredictWorkers,test,"","",,None,Azone_test_2010.csv
2010,Azone,Global,Global group indicator,"","",test,"","","","",Azone_test_2010.csv
2010,Azone,Year,Year group indicator,"","",test,"","","","",Azone_test_2010.csv
2010,Azone,Scenario,Scenario group indicator,"","",test,"","","","",Azone_test_2010.csv
2010,Marea,Marea,,"",visioneval,test,geo.csv,C:/Github/RSG_VEdev/VisionEval-Dev/built/development/4.3.2/runtime/models/test/defs,,None,Marea_test_2010.csv
2010,Marea,DRRevMi,Annual revenue-miles of demand-responsive public transit service,MI/DAY,AssignTransitService,test,marea_transit_service.csv,C:/Github/RSG_VEdev/VisionEval-Dev/built/development/4.3.2/runtime/models/test/inputs,,None,Marea_test_2010.csv
2010,Marea,VPRevMi,Annual revenue-miles of van-pool and similar public transit service,MI/DAY,AssignTransitService,test,marea_transit_service.csv,C:/Github/RSG_VEdev/VisionEval-Dev/built/development/4.3.2/runtime/models/test/inputs,,None,Marea_test_2010.csv
2010,Marea,MBRevMi,Annual revenue-miles of standard bus public transit service,MI/DAY,AssignTransitService,test,marea_transit_service.csv,C:/Github/RSG_VEdev/VisionEval-Dev/built/development/4.3.2/runtime/models/test/inputs,,None,Marea_test_2010.csv
2010,Marea,RBRevMi,Annual revenue-miles of rapid-bus and commuter bus public transit service,MI/DAY,AssignTransitService,test,marea_transit_service.csv,C:/Github/RSG_VEdev/VisionEval-Dev/built/development/4.3.2/runtime/models/test/inputs,,None,Marea_test_2010.csv
2010,Marea,MGRevMi,Annual revenue-miles of monorail and automated guideway public transit service,MI/DAY,AssignTransitService,test,marea_transit_service.csv,C:/Github/RSG_VEdev/VisionEval-Dev/built/development/4.3.2/runtime/models/test/inputs,,None,Marea_test_2010.csv
2010,Marea,SRRevMi,Annual revenue-miles of streetcar and trolleybus public transit service,MI/DAY,AssignTransitService,test,marea_transit_service.csv,C:/Github/RSG_VEdev/VisionEval-Dev/built/development/4.3.2/runtime/models/test/inputs,,None,Marea_test_2010.csv
2010,Marea,HRRevMi,Annual revenue-miles of light rail and heavy rail public transit service,MI/DAY,AssignTransitService,test,marea_transit_service.csv,C:/Github/RSG_VEdev/VisionEval-Dev/built/development/4.3.2/runtime/models/test/inputs,,None,Marea_test_2010.csv
2010,Marea,CRRevMi,"Annual revenue-miles of commuter rail, hybrid rail, cable car, and aerial tramway public transit service",MI/DAY,AssignTransitService,test,marea_transit_service.csv,C:/Github/RSG_VEdev/VisionEval-Dev/built/development/4.3.2/runtime/models/test/inputs,,None,Marea_test_2010.csv
2010,Marea,FwyLaneMi,Lane-miles of roadways functionally classified as freeways or expressways in the urbanized portion of the metropolitan area,MI,AssignRoadMiles,test,marea_lane_miles.csv,C:/Github/RSG_VEdev/VisionEval-Dev/built/development/4.3.2/runtime/models/test/inputs,,None,Marea_test_2010.csv
2010,Marea,ArtLaneMi,Lane-miles of roadways functionally classified as arterials (but not freeways or expressways) in the urbanized portion of the metropolitan area,MI,AssignRoadMiles,test,marea_lane_miles.csv,C:/Github/RSG_VEdev/VisionEval-Dev/built/development/4.3.2/runtime/models/test/inputs,,None,Marea_test_2010.csv
2010,Marea,TransitVanFuelCI,Average carbon intensity of fuel used by transit vans (grams CO2e per megajoule),KG/GGE,Initialize,test,marea_transit_ave_fuel_carbon_intensity.csv,C:/Github/RSG_VEdev/VisionEval-Dev/built/development/4.3.2/runtime/models/test/inputs,,None,Marea_test_2010.csv
2010,Marea,TransitBusFuelCI,Average carbon intensity of fuel used by transit buses (grams CO2e per megajoule),KG/GGE,Initialize,test,marea_transit_ave_fuel_carbon_intensity.csv,C:/Github/RSG_VEdev/VisionEval-Dev/built/development/4.3.2/runtime/models/test/inputs,,None,Marea_test_2010.csv
2010,Marea,TransitRailFuelCI,Average carbon intensity of fuel used by transit rail vehicles (grams CO2e per megajoule),KG/GGE,Initialize,test,marea_transit_ave_fuel_carbon_intensity.csv,C:/Github/RSG_VEdev/VisionEval-Dev/built/development/4.3.2/runtime/models/test/inputs,,None,Marea_test_2010.csv
2010,Marea,TransitEthanolPropGasoline,Ethanol proportion of gasoline used by transit vehicles,proportion,Initialize,test,marea_transit_biofuel_mix.csv,C:/Github/RSG_VEdev/VisionEval-Dev/built/development/4.3.2/runtime/models/test/inputs,,None,Marea_test_2010.csv
2010,Marea,TransitBiodieselPropDiesel,Biodiesel proportion of diesel used by transit vehicles,proportion,Initialize,test,marea_transit_biofuel_mix.csv,C:/Github/RSG_VEdev/VisionEval-Dev/built/development/4.3.2/runtime/models/test/inputs,,None,Marea_test_2010.csv
2010,Marea,TransitRngPropCng,Renewable natural gas proportion of compressed natural gas used by transit vehicles,proportion,Initialize,test,marea_transit_biofuel_mix.csv,C:/Github/RSG_VEdev/VisionEval-Dev/built/development/4.3.2/runtime/models/test/inputs,,None,Marea_test_2010.csv
2010,Marea,VanPropDiesel,Proportion of non-electric transit van travel powered by diesel,proportion,Initialize,test,marea_transit_fuel.csv,C:/Github/RSG_VEdev/VisionEval-Dev/built/development/4.3.2/runtime/models/test/inputs,,None,Marea_test_2010.csv
2010,Marea,VanPropGasoline,Proportion of non-electric transit van travel powered by gasoline,proportion,Initialize,test,marea_transit_fuel.csv,C:/Github/RSG_VEdev/VisionEval-Dev/built/development/4.3.2/runtime/models/test/inputs,,None,Marea_test_2010.csv
2010,Marea,VanPropCng,Proportion of non-electric transit van travel powered by compressed natural gas,proportion,Initialize,test,marea_transit_fuel.csv,C:/Github/RSG_VEdev/VisionEval-Dev/built/development/4.3.2/runtime/models/test/inputs,,None,Marea_test_2010.csv
2010,Marea,BusPropDiesel,Proportion of non-electric transit bus travel powered by diesel,proportion,Initialize,test,marea_transit_fuel.csv,C:/Github/RSG_VEdev/VisionEval-Dev/built/development/4.3.2/runtime/models/test/inputs,,None,Marea_test_2010.csv
2010,Marea,BusPropGasoline,Proportion of non-electric transit bus travel powered by gasoline,proportion,Initialize,test,marea_transit_fuel.csv,C:/Github/RSG_VEdev/VisionEval-Dev/built/development/4.3.2/runtime/models/test/inputs,,None,Marea_test_2010.csv
2010,Marea,BusPropCng,Proportion of non-electric transit bus travel powered by compressed natural gas,proportion,Initialize,test,marea_transit_fuel.csv,C:/Github/RSG_VEdev/VisionEval-Dev/built/development/4.3.2/runtime/models/test/inputs,,None,Marea_test_2010.csv
2010,Marea,RailPropDiesel,Proportion of non-electric transit rail travel powered by diesel,proportion,Initialize,test,marea_transit_fuel.csv,C:/Github/RSG_VEdev/VisionEval-Dev/built/development/4.3.2/runtime/models/test/inputs,,None,Marea_test_2010.csv
2010,Marea,RailPropGasoline,Proportion of non-electric transit rail travel powered by gasoline,proportion,Initialize,test,marea_transit_fuel.csv,C:/Github/RSG_VEdev/VisionEval-Dev/built/development/4.3.2/runtime/models/test/inputs,,None,Marea_test_2010.csv
2010,Marea,VanPropIcev,Proportion of transit van travel using internal combustion engine powertrains,proportion,Initialize,test,marea_transit_powertrain_prop.csv,C:/Github/RSG_VEdev/VisionEval-Dev/built/development/4.3.2/runtime/models/test/inputs,,None,Marea_test_2010.csv
2010,Marea,VanPropHev,Proportion of transit van travel using hybrid electric powertrains,proportion,Initialize,test,marea_transit_powertrain_prop.csv,C:/Github/RSG_VEdev/VisionEval-Dev/built/development/4.3.2/runtime/models/test/inputs,,None,Marea_test_2010.csv
2010,Marea,VanPropBev,Proportion of transit van travel using battery electric powertrains,proportion,Initialize,test,marea_transit_powertrain_prop.csv,C:/Github/RSG_VEdev/VisionEval-Dev/built/development/4.3.2/runtime/models/test/inputs,,None,Marea_test_2010.csv
2010,Marea,BusPropIcev,Proportion of transit bus travel using internal combustion engine powertrains,proportion,Initialize,test,marea_transit_powertrain_prop.csv,C:/Github/RSG_VEdev/VisionEval-Dev/built/development/4.3.2/runtime/models/test/inputs,,None,Marea_test_2010.csv
2010,Marea,BusPropHev,Proportion of transit bus travel using hybrid electric powertrains,proportion,Initialize,test,marea_transit_powertrain_prop.csv,C:/Github/RSG_VEdev/VisionEval-Dev/built/development/4.3.2/runtime/models/test/inputs,,None,Marea_test_2010.csv
2010,Marea,BusPropBev,Proportion of transit bus travel using battery electric powertrains,proportion,Initialize,test,marea_transit_powertrain_prop.csv,C:/Github/RSG_VEdev/VisionEval-Dev/built/development/4.3.2/runtime/models/test/inputs,,None,Marea_test_2010.csv
2010,Marea,RailPropIcev,Proportion of transit rail travel using internal combustion engine powertrains,proportion,Initialize,test,marea_transit_powertrain_prop.csv,C:/Github/RSG_VEdev/VisionEval-Dev/built/development/4.3.2/runtime/models/test/inputs,,None,Marea_test_2010.csv
2010,Marea,RailPropHev,Proportion of transit rail travel using hybrid electric powertrains,proportion,Initialize,test,marea_transit_powertrain_prop.csv,C:/Github/RSG_VEdev/VisionEval-Dev/built/development/4.3.2/runtime/models/test/inputs,,None,Marea_test_2010.csv
2010,Marea,RailPropEv,Proportion of transit rail travel using electric powertrains,proportion,Initialize,test,marea_transit_powertrain_prop.csv,C:/Github/RSG_VEdev/VisionEval-Dev/built/development/4.3.2/runtime/models/test/inputs,,None,Marea_test_2010.csv
2010,Marea,RampMeterDeployProp,Proportion of freeway DVMT affected by ramp metering deployment,proportion,Initialize,test,marea_operations_deployment.csv,C:/Github/RSG_VEdev/VisionEval-Dev/built/development/4.3.2/runtime/models/test/inputs,,None,Marea_test_2010.csv
2010,Marea,IncidentMgtDeployProp,Proportion of freeway DVMT affected by incident management deployment,proportion,Initialize,test,marea_operations_deployment.csv,C:/Github/RSG_VEdev/VisionEval-Dev/built/development/4.3.2/runtime/models/test/inputs,,None,Marea_test_2010.csv
2010,Marea,SignalCoordDeployProp,Proportion of arterial DVMT affected by signal coordination deployment,proportion,Initialize,test,marea_operations_deployment.csv,C:/Github/RSG_VEdev/VisionEval-Dev/built/development/4.3.2/runtime/models/test/inputs,,None,Marea_test_2010.csv
2010,Marea,AccessMgtDeployProp,Proportion of arterial DVMT affected by access management deployment,proportion,Initialize,test,marea_operations_deployment.csv,C:/Github/RSG_VEdev/VisionEval-Dev/built/development/4.3.2/runtime/models/test/inputs,,None,Marea_test_2010.csv
2010,Marea,OtherFwyOpsDeployProp,Proportion of freeway DVMT affected by deployment of other user-defined freeway operations measures,proportion,Initialize,test,marea_operations_deployment.csv,C:/Github/RSG_VEdev/VisionEval-Dev/built/development/4.3.2/runtime/models/test/inputs,,None,Marea_test_2010.csv
2010,Marea,OtherArtOpsDeployProp,Proportion of arterial DVMT affected by deployment of other user-defined arterial operations measures,proportion,Initialize,test,marea_operations_deployment.csv,C:/Github/RSG_VEdev/VisionEval-Dev/built/development/4.3.2/runtime/models/test/inputs,,None,Marea_test_2010.csv
2010,Marea,FwyNoneCongChg,Charge per mile (U.S. dollars) of vehicle travel on freeways during periods of no congestion,USD,Initialize,test,marea_congestion_charges.csv,C:/Github/RSG_VEdev/VisionEval-Dev/built/development/4.3.2/runtime/models/test/inputs,,None,Marea_test_2010.csv
2010,Marea,FwyModCongChg,Charge per mile (U.S. dollars) of vehicle travel on freeways during periods of moderate congestion,USD,Initialize,test,marea_congestion_charges.csv,C:/Github/RSG_VEdev/VisionEval-Dev/built/development/4.3.2/runtime/models/test/inputs,,None,Marea_test_2010.csv
2010,Marea,FwyHvyCongChg,Charge per mile (U.S. dollars) of vehicle travel on freeways during periods of heavy congestion,USD,Initialize,test,marea_congestion_charges.csv,C:/Github/RSG_VEdev/VisionEval-Dev/built/development/4.3.2/runtime/models/test/inputs,,None,Marea_test_2010.csv
2010,Marea,FwySevCongChg,Charge per mile (U.S. dollars) of vehicle travel on freeways during periods of severe congestion,USD,Initialize,test,marea_congestion_charges.csv,C:/Github/RSG_VEdev/VisionEval-Dev/built/development/4.3.2/runtime/models/test/inputs,,None,Marea_test_2010.csv
2010,Marea,FwyExtCongChg,Charge per mile (U.S. dollars) of vehicle travel on freeways during periods of extreme congestion,USD,Initialize,test,marea_congestion_charges.csv,C:/Github/RSG_VEdev/VisionEval-Dev/built/development/4.3.2/runtime/models/test/inputs,,None,Marea_test_2010.csv
2010,Marea,ArtNoneCongChg,Charge per mile (U.S. dollars) of vehicle travel on arterials during periods of no congestion,USD,Initialize,test,marea_congestion_charges.csv,C:/Github/RSG_VEdev/VisionEval-Dev/built/development/4.3.2/runtime/models/test/inputs,,None,Marea_test_2010.csv
2010,Marea,ArtModCongChg,Charge per mile (U.S. dollars) of vehicle travel on arterials during periods of moderate congestion,USD,Initialize,test,marea_congestion_charges.csv,C:/Github/RSG_VEdev/VisionEval-Dev/built/development/4.3.2/runtime/models/test/inputs,,None,Marea_test_2010.csv
2010,Marea,ArtHvyCongChg,Charge per mile (U.S. dollars) of vehicle travel on arterials during periods of heavy congestion,USD,Initialize,test,marea_congestion_charges.csv,C:/Github/RSG_VEdev/VisionEval-Dev/built/development/4.3.2/runtime/models/test/inputs,,None,Marea_test_2010.csv
2010,Marea,ArtSevCongChg,Charge per mile (U.S. dollars) of vehicle travel on arterials during periods of severe congestion,USD,Initialize,test,marea_congestion_charges.csv,C:/Github/RSG_VEdev/VisionEval-Dev/built/development/4.3.2/runtime/models/test/inputs,,None,Marea_test_2010.csv
2010,Marea,ArtExtCongChg,Charge per mile (U.S. dollars) of vehicle travel on arterials during periods of extreme congestion,USD,Initialize,test,marea_congestion_charges.csv,C:/Github/RSG_VEdev/VisionEval-Dev/built/development/4.3.2/runtime/models/test/inputs,,None,Marea_test_2010.csv
2010,Marea,FwySmooth,"Fractional deployment of speed smoothing traffic management on freeways, where 0 is no deployment and 1 is the full potential fuel savings",proportion,CalculateMpgMpkwhAdjustments,test,marea_speed_smooth_ecodrive.csv,C:/Github/RSG_VEdev/VisionEval-Dev/built/development/4.3.2/runtime/models/test/inputs,,None,Marea_test_2010.csv
2010,Marea,ArtSmooth,"Fractional deployment of speed smoothing traffic management on arterials, where 0 is no deployment and 1 is the full potential fuel savings",proportion,CalculateMpgMpkwhAdjustments,test,marea_speed_smooth_ecodrive.csv,C:/Github/RSG_VEdev/VisionEval-Dev/built/development/4.3.2/runtime/models/test/inputs,,None,Marea_test_2010.csv
2010,Marea,LdvEcoDrive,Eco-driving penetration for light-duty vehicles; the fraction of vehicles from 0 to 1,proportion,CalculateMpgMpkwhAdjustments,test,marea_speed_smooth_ecodrive.csv,C:/Github/RSG_VEdev/VisionEval-Dev/built/development/4.3.2/runtime/models/test/inputs,,None,Marea_test_2010.csv
2010,Marea,HvyTrkEcoDrive,Eco-driving penetration for heavy-duty vehicles; the fraction of vehicles from 0 to 1,proportion,CalculateMpgMpkwhAdjustments,test,marea_speed_smooth_ecodrive.csv,C:/Github/RSG_VEdev/VisionEval-Dev/built/development/4.3.2/runtime/models/test/inputs,,None,Marea_test_2010.csv
2010,Marea,UrbanPop,Urbanized area population in the Marea,PRSN,AssignLocTypes,test,"","",,None,Marea_test_2010.csv
2010,Marea,TownPop,Town (i.e. urban but non-urbanized area) in the Marea,PRSN,AssignLocTypes,test,"","",,None,Marea_test_2010.csv
2010,Marea,RuralPop,Rural (i.e. not urbanized and not town) population in the Marea,PRSN,AssignLocTypes,test,"","",,None,Marea_test_2010.csv
2010,Marea,UrbanIncome,Total household income of the urbanized area population in the Marea,USD,AssignLocTypes,test,"","",,None,Marea_test_2010.csv
2010,Marea,TownIncome,Total household income of the town (i.e. urban but non-urbanized area) population in the Marea,USD,AssignLocTypes,test,"","",,None,Marea_test_2010.csv
2010,Marea,RuralIncome,Total household income of the rural (i.e. not urbanized and not town) population in the Marea,USD,AssignLocTypes,test,"","",,None,Marea_test_2010.csv
2010,Marea,TranRevMiPC,Ratio of annual bus-equivalent revenue-miles (i.e. revenue-miles at the same productivity - passenger miles per revenue mile - as standard bus) to urbanized area population,MI/PRSN/DAY,AssignTransitService,test,"","",,None,Marea_test_2010.csv
2010,Marea,VanDvmt,"Total daily miles traveled by vans of various sizes to provide demand responsive, vanpool, and similar services.",MI/DAY,AssignTransitService,test,"","",,None,Marea_test_2010.csv
2010,Marea,BusDvmt,Total daily miles traveled by buses of various sizes to provide bus service of various types.,MI/DAY,AssignTransitService,test,"","",,None,Marea_test_2010.csv
2010,Marea,RailDvmt,"Total daily miles traveled by light rail, heavy rail, commuter rail, and similar types of vehicles.",MI/DAY,AssignTransitService,test,"","",,None,Marea_test_2010.csv
2010,Marea,FwyLaneMiPC,Ratio of urbanized area freeway and expressway lane-miles to urbanized area population,MI/PRSN,AssignRoadMiles,test,"","",,None,Marea_test_2010.csv
2010,Marea,UrbanHhDvmt,Average daily vehicle miles traveled in autos or light trucks by households residing in the urbanized portion of the Marea,MI/DAY,CalculateHouseholdDvmt,test,"","",,None,Marea_test_2010.csv
2010,Marea,TownHhDvmt,Average daily vehicle miles traveled in autos or light trucks by households residing in town (urban but not urbanized) portion of the Marea,MI/DAY,CalculateHouseholdDvmt,test,"","",,None,Marea_test_2010.csv
2010,Marea,RuralHhDvmt,Average daily vehicle miles traveled in autos or light trucks by households residing in the rural (non-urban) portion of the Marea,MI/DAY,CalculateHouseholdDvmt,test,"","",,None,Marea_test_2010.csv
2010,Marea,ComSvcUrbanDvmt,Commercial service daily vehicle miles of travel associated with Marea urbanized household activity,MI/DAY,CalculateRoadDvmt,test,"","",,None,Marea_test_2010.csv
2010,Marea,ComSvcTownDvmt,Commercial service daily vehicle miles of travel associated with Marea town household activity,MI/DAY,CalculateRoadDvmt,test,"","",,None,Marea_test_2010.csv
2010,Marea,ComSvcRuralDvmt,Commercial service daily vehicle miles of travel associated with Marea rural household activity,MI/DAY,CalculateRoadDvmt,test,"","",,None,Marea_test_2010.csv
2010,Marea,HvyTrkUrbanDvmt,Heavy truck daily vehicle miles of travel on urbanized area roadways in the Marea,MI/DAY,CalculateRoadDvmt,test,"","",,None,Marea_test_2010.csv
2010,Marea,LdvFwyArtDvmt,Light-duty daily vehicle miles of travel in the urbanized portion of the Marea occurring on freeway or arterial roadways,MI/DAY,CalculateRoadDvmt,test,"","",,None,Marea_test_2010.csv
2010,Marea,LdvOthDvmt,Light-duty daily vehicle miles of travel in the urbanized portion of the Marea occurring on other roadways,MI/DAY,CalculateRoadDvmt,test,"","",,None,Marea_test_2010.csv
2010,Marea,HvyTrkFwyDvmt,Heavy truck daily vehicle miles of travel in the urbanized portion of the Marea occurring on freeways,MI/DAY,CalculateRoadDvmt,test,"","",,None,Marea_test_2010.csv
2010,Marea,HvyTrkArtDvmt,Heavy truck daily vehicle miles of travel in the urbanized portion of the Marea occurring on arterial roadways,MI/DAY,CalculateRoadDvmt,test,"","",,None,Marea_test_2010.csv
2010,Marea,HvyTrkOthDvmt,Heavy truck daily vehicle miles of travel in the urbanized portion of the Marea occurring on other roadways,MI/DAY,CalculateRoadDvmt,test,"","",,None,Marea_test_2010.csv
2010,Marea,BusFwyDvmt,Bus daily vehicle miles of travel in the urbanized portion of the Marea occurring on freeways,MI/DAY,CalculateRoadDvmt,test,"","",,None,Marea_test_2010.csv
2010,Marea,BusArtDvmt,Bus daily vehicle miles of travel in the urbanized portion of the Marea occurring on arterial roadways,MI/DAY,CalculateRoadDvmt,test,"","",,None,Marea_test_2010.csv
2010,Marea,BusOthDvmt,Bus daily vehicle miles of travel in the urbanized portion of the Marea occuring on other roadways,MI/DAY,CalculateRoadDvmt,test,"","",,None,Marea_test_2010.csv
2010,Marea,UrbanHhPropUrbanDvmt,Average proportion of urban household DVMT traveled on urban roads in the marea where the household resides,proportion,CalculateRoadDvmt,test,"","",,None,Marea_test_2010.csv
2010,Marea,NonUrbanHhPropUrbanDvmt,Average proportion of non-urban household DVMT traveled on urban roads in the marea where the household resides,proportion,CalculateRoadDvmt,test,"","",,None,Marea_test_2010.csv
2010,Marea,LdvFwyDvmt,Light-duty daily vehicle miles of travel in the urbanized portion of the Marea occurring on freeways,MI/DAY,CalculateRoadPerformance,test,"","",,None,Marea_test_2010.csv
2010,Marea,LdvArtDvmt,Light-duty daily vehicle miles of travel in the urbanized portion of the Marea occurring on arterial roadways,MI/DAY,CalculateRoadPerformance,test,"","",,None,Marea_test_2010.csv
2010,Marea,LdvAveSpeed,Average speed (miles per hour) of light-duty vehicle travel on urban area roads,MI/DAY,CalculateRoadPerformance,test,"","",,None,Marea_test_2010.csv
2010,Marea,HvyTrkAveSpeed,Average speed (miles per hour) of heavy truck travel on urban area roads,MI/DAY,CalculateRoadPerformance,test,"","",,None,Marea_test_2010.csv
2010,Marea,BusAveSpeed,Average speed (miles per hour) of bus travel on urban area roads,MI/DAY,CalculateRoadPerformance,test,"","",,None,Marea_test_2010.csv
2010,Marea,NonUrbanAveSpeed,Average speed (miles per hour) of vehicle travel on non-urban area roads,MI/DAY,CalculateRoadPerformance,test,"","",,None,Marea_test_2010.csv
2010,Marea,LdvTotDelay,Total light-duty vehicle delay (hours per day) on urban area roads,DAY,CalculateRoadPerformance,test,"","",,None,Marea_test_2010.csv
2010,Marea,HvyTrkTotDelay,Total heavy truck vehicle delay (hours per day) on urban area roads,DAY,CalculateRoadPerformance,test,"","",,None,Marea_test_2010.csv
2010,Marea,BusTotDelay,Total bus vehicle delay (hours per day) on urban area roads,DAY,CalculateRoadPerformance,test,"","",,None,Marea_test_2010.csv
2010,Marea,AveCongPrice,Average price paid (dollars per mile) in congestion fees,USD,CalculateRoadPerformance,test,"","",,None,Marea_test_2010.csv
2010,Marea,FwyDvmtPropNoneCong,Proportion of freeway DVMT occurring when there is no congestion,proportion,CalculateRoadPerformance,test,"","",,None,Marea_test_2010.csv
2010,Marea,FwyDvmtPropModCong,Proportion of freeway DVMT occurring when congestion is moderate,proportion,CalculateRoadPerformance,test,"","",,None,Marea_test_2010.csv
2010,Marea,FwyDvmtPropHvyCong,Proportion of freeway DVMT occurring when congestion is heavy,proportion,CalculateRoadPerformance,test,"","",,None,Marea_test_2010.csv
2010,Marea,FwyDvmtPropSevCong,Proportion of freeway DVMT occurring when congestion is severe,proportion,CalculateRoadPerformance,test,"","",,None,Marea_test_2010.csv
2010,Marea,FwyDvmtPropExtCong,Proportion of freeway DVMT occurring when congestion is extreme,proportion,CalculateRoadPerformance,test,"","",,None,Marea_test_2010.csv
2010,Marea,ArtDvmtPropNoneCong,Proportion of arterial DVMT occurring when there is no congestion,proportion,CalculateRoadPerformance,test,"","",,None,Marea_test_2010.csv
2010,Marea,ArtDvmtPropModCong,Proportion of arterial DVMT occurring when congestion is moderate,proportion,CalculateRoadPerformance,test,"","",,None,Marea_test_2010.csv
2010,Marea,ArtDvmtPropHvyCong,Proportion of arterial DVMT occurring when congestion is heavy,proportion,CalculateRoadPerformance,test,"","",,None,Marea_test_2010.csv
2010,Marea,ArtDvmtPropSevCong,Proportion of arterial DVMT occurring when congestion is severe,proportion,CalculateRoadPerformance,test,"","",,None,Marea_test_2010.csv
2010,Marea,ArtDvmtPropExtCong,Proportion of arterial DVMT occurring when congestion is extreme,proportion,CalculateRoadPerformance,test,"","",,None,Marea_test_2010.csv
2010,Marea,FwyNoneCongSpeed,Average freeway speed (miles per hour) when there is no congestion,MI/DAY,CalculateRoadPerformance,test,"","",,None,Marea_test_2010.csv
2010,Marea,FwyModCongSpeed,Average freeway speed (miles per hour) when congestion is moderate,MI/DAY,CalculateRoadPerformance,test,"","",,None,Marea_test_2010.csv
2010,Marea,FwyHvyCongSpeed,Average freeway speed (miles per hour) when congestion is heavy,MI/DAY,CalculateRoadPerformance,test,"","",,None,Marea_test_2010.csv
2010,Marea,FwySevCongSpeed,Average freeway speed (miles per hour) when congestion is severe,MI/DAY,CalculateRoadPerformance,test,"","",,None,Marea_test_2010.csv
2010,Marea,FwyExtCongSpeed,Average freeway speed (miles per hour) when congestion is extreme,MI/DAY,CalculateRoadPerformance,test,"","",,None,Marea_test_2010.csv
2010,Marea,ArtNoneCongSpeed,Average arterial speed (miles per hour) when there is no congestion,MI/DAY,CalculateRoadPerformance,test,"","",,None,Marea_test_2010.csv
2010,Marea,ArtModCongSpeed,Average arterial speed (miles per hour) when congestion is moderate,MI/DAY,CalculateRoadPerformance,test,"","",,None,Marea_test_2010.csv
2010,Marea,ArtHvyCongSpeed,Average arterial speed (miles per hour) when congestion is heavy,MI/DAY,CalculateRoadPerformance,test,"","",,None,Marea_test_2010.csv
2010,Marea,ArtSevCongSpeed,Average arterial speed (miles per hour) when congestion is severe,MI/DAY,CalculateRoadPerformance,test,"","",,None,Marea_test_2010.csv
2010,Marea,ArtExtCongSpeed,Average arterial speed (miles per hour) when congestion is extreme,MI/DAY,CalculateRoadPerformance,test,"","",,None,Marea_test_2010.csv
2010,Marea,OthSpd,Average speed (miles per hour) on other roadways,MI/DAY,CalculateRoadPerformance,test,"","",,None,Marea_test_2010.csv
2010,Marea,LdvSpdSmoothFactor,Proportional adjustment of light-duty internal combustion engine (ICE) vehicle MPG due to speed smoothing,proportion,CalculateMpgMpkwhAdjustments,test,"","",,None,Marea_test_2010.csv
2010,Marea,HvyTrkSpdSmoothFactor,Proportional adjustment of heavy truck internal combustion engine (ICE) vehicle MPG due to speed smoothing,proportion,CalculateMpgMpkwhAdjustments,test,"","",,None,Marea_test_2010.csv
2010,Marea,BusSpdSmoothFactor,Proportional adjustment of bus internal combustion engine (ICE) vehicle MPG due to speed smoothing,proportion,CalculateMpgMpkwhAdjustments,test,"","",,None,Marea_test_2010.csv
2010,Marea,LdvEcoDriveFactor,Proportional adjustment of light-duty internal combustion engine (ICE) vehicle MPG due to eco-driving,proportion,CalculateMpgMpkwhAdjustments,test,"","",,None,Marea_test_2010.csv
2010,Marea,HvyTrkEcoDriveFactor,Proportional adjustment of heavy truck internal combustion engine (ICE) vehicle MPG due to eco-driving,proportion,CalculateMpgMpkwhAdjustments,test,"","",,None,Marea_test_2010.csv
2010,Marea,BusEcoDriveFactor,Proportional adjustment of bus internal combustion engine (ICE) vehicle MPG due to eco-driving,proportion,CalculateMpgMpkwhAdjustments,test,"","",,None,Marea_test_2010.csv
2010,Marea,LdIceFactor,Proportional adjustment of light-duty internal combustion engine (ICE) vehicle MPG due to congestion,proportion,CalculateMpgMpkwhAdjustments,test,"","",,None,Marea_test_2010.csv
2010,Marea,LdHevFactor,Proportional adjustment of light-duty hybrid-electric vehicle (HEV) MPG due to congestion,proportion,CalculateMpgMpkwhAdjustments,test,"","",,None,Marea_test_2010.csv
2010,Marea,LdEvFactor,Proportional adjustment of light-duty battery electric vehicle (EV) MPkWh due to congestion,proportion,CalculateMpgMpkwhAdjustments,test,"","",,None,Marea_test_2010.csv
2010,Marea,LdFcvFactor,Proportional adjustment of light-duty fuel cell vehicle (FCV) MPkWh due to congestion,proportion,CalculateMpgMpkwhAdjustments,test,"","",,None,Marea_test_2010.csv
2010,Marea,HdIceFactor,Proportional adjustment of heavy-duty internal combustion engine (ICE) vehicle MPG due to congestion,proportion,CalculateMpgMpkwhAdjustments,test,"","",,None,Marea_test_2010.csv
2010,Marea,ComSvcUrbanGGE,Average daily amount of hydrocarbon fuels consumed by commercial service vehicles associated with urban household activity in gas gallon equivalents,GGE/DAY,CalculateComEnergyAndEmissions,test,"","",,None,Marea_test_2010.csv
2010,Marea,ComSvcNonUrbanGGE,Average daily amount of hydrocarbon fuels consumed by commercial service vehicles associated with rural and town household activity in gas gallon equivalents,GGE/DAY,CalculateComEnergyAndEmissions,test,"","",,None,Marea_test_2010.csv
2010,Marea,HvyTrkUrbanGGE,Average daily amount of hydrocarbon fuels consumed by heavy trucks on urbanized area roadways in the Marea in gas gallon equivalents,GGE/DAY,CalculateComEnergyAndEmissions,test,"","",,None,Marea_test_2010.csv
2010,Marea,ComSvcUrbanKWH,Average daily amount of electricity consumed by commercial service vehicles associated with urban household activity in kilowatt-hours,GGE/DAY,CalculateComEnergyAndEmissions,test,"","",,None,Marea_test_2010.csv
2010,Marea,ComSvcNonUrbanKWH,Average daily amount of electricity consumed by commercial service vehicles associated with rural and town household activity in kilowatt-hours,GGE/DAY,CalculateComEnergyAndEmissions,test,"","",,None,Marea_test_2010.csv
2010,Marea,HvyTrkUrbanKWH,Average daily amount of electricity consumed by heavy trucks on urbanized area roadways in the Marea in kilowatt-hours,GGE/DAY,CalculateComEnergyAndEmissions,test,"","",,None,Marea_test_2010.csv
2010,Marea,ComSvcUrbanCO2e,Average daily amount of carbon-dioxide equivalents produced by commercial service vehicles associated with urban household activity in grams,KG/DAY,CalculateComEnergyAndEmissions,test,"","",,None,Marea_test_2010.csv
2010,Marea,ComSvcNonUrbanCO2e,Average daily amount of carbon-dioxide equivalents produced by commercial service vehicles associated with rural and town household activity in grams,KG/DAY,CalculateComEnergyAndEmissions,test,"","",,None,Marea_test_2010.csv
2010,Marea,HvyTrkUrbanCO2e,Average daily amount of carbon-dioxide equivalents produced by heavy trucks on urbanized area roadways in the Marea in grams,KG/DAY,CalculateComEnergyAndEmissions,test,"","",,None,Marea_test_2010.csv
2010,Marea,ComSvcAveUrbanAutoCO2eRate,Average amount of carbon-dioxide equivalents produced by commercial service automobiles per mile of travel on urbanized area roadways in grams per mile,KG/MI,CalculateComEnergyAndEmissions,test,"","",,None,Marea_test_2010.csv
2010,Marea,ComSvcAveUrbanLtTrkCO2eRate,Average amount of carbon-dioxide equivalents produced by commercial service light trucks per mile of travel on urbanized area roadways in grams per mile,KG/MI,CalculateComEnergyAndEmissions,test,"","",,None,Marea_test_2010.csv
2010,Marea,HvyTrkAveUrbanCO2eRate,Average amount of carbon-dioxide equivalents produced by heavy trucks per mile of travel on urbanized area roadways in grams per mile,KG/MI,CalculateComEnergyAndEmissions,test,"","",,None,Marea_test_2010.csv
2010,Marea,BusGGE,Average daily amount of hydrocarbon fuels consumed by bus transit vehicles in urbanized area in gas gallon equivalents,GGE/DAY,CalculatePtranEnergyAndEmissions,test,"","",,None,Marea_test_2010.csv
2010,Marea,RailGGE,Average daily amount of hydrocarbon fuels consumed by rail transit vehicles in urbanized area in gas gallon equivalents,GGE/DAY,CalculatePtranEnergyAndEmissions,test,"","",,None,Marea_test_2010.csv
2010,Marea,VanGGE,Average daily amount of hydrocarbon fuels consumed by van transit vehicles in urbanized area in gas gallon equivalents,GGE/DAY,CalculatePtranEnergyAndEmissions,test,"","",,None,Marea_test_2010.csv
2010,Marea,BusKWH,Average daily amount of electricity consumed by bus transit vehicles in urbanized area in kilowatt-hours,GGE/DAY,CalculatePtranEnergyAndEmissions,test,"","",,None,Marea_test_2010.csv
2010,Marea,RailKWH,Average daily amount of electricity consumed by rail transit vehicles in urbanized area in kilowatt-hours,GGE/DAY,CalculatePtranEnergyAndEmissions,test,"","",,None,Marea_test_2010.csv
2010,Marea,VanKWH,Average daily amount of electricity consumed by van transit vehicles in urbanized area in kilowatt-hours,GGE/DAY,CalculatePtranEnergyAndEmissions,test,"","",,None,Marea_test_2010.csv
2010,Marea,BusCO2e,Average daily amount of carbon-dioxide equivalents produced by bus transit vehicles in urbanized area in grams,KG/DAY,CalculatePtranEnergyAndEmissions,test,"","",,None,Marea_test_2010.csv
2010,Marea,RailCO2e,Average daily amount of carbon-dioxide equivalents produced by rail transit vehicles in urbanized area in grams,KG/DAY,CalculatePtranEnergyAndEmissions,test,"","",,None,Marea_test_2010.csv
2010,Marea,VanCO2e,Average daily amount of carbon-dioxide equivalents produced by van transit vehicles in urbanized area in grams,KG/DAY,CalculatePtranEnergyAndEmissions,test,"","",,None,Marea_test_2010.csv
2010,Marea,BusCO2eRate,Average amount of carbon-dioxide equivalents produced by bus transit vehicles per mile of travel in urbanized area in grams per mile,KG/MI,CalculatePtranEnergyAndEmissions,test,"","",,None,Marea_test_2010.csv
2010,Marea,RailCO2eRate,Average amount of carbon-dioxide equivalents produced by rail transit vehicles per mile of travel in urbanized area in grams per mile,KG/MI,CalculatePtranEnergyAndEmissions,test,"","",,None,Marea_test_2010.csv
2010,Marea,VanCO2eRate,Average amount of carbon-dioxide equivalents produced by van transit vehicles per mile of travel in urbanized area in grams per mile,KG/MI,CalculatePtranEnergyAndEmissions,test,"","",,None,Marea_test_2010.csv
2010,Marea,Global,Global group indicator,"","",test,"","","","",Marea_test_2010.csv
2010,Marea,Year,Year group indicator,"","",test,"","","","",Marea_test_2010.csv
2010,Marea,Scenario,Scenario group indicator,"","",test,"","","","",Marea_test_2010.csv
2010,Region,DrvPerPrsn15to19,Target ratio of drivers to persons in the 15 to 19 years old age group,NA/,AssignDrivers,test,region_hh_ave_driver_per_capita.csv,C:/Github/RSG_VEdev/VisionEval-Dev/built/development/4.3.2/runtime/models/test/inputs,,None,Region_test_2010.csv
2010,Region,DrvPerPrsn20to29,Target ratio of drivers to persons in the 20 to 29 years old age group,NA/,AssignDrivers,test,region_hh_ave_driver_per_capita.csv,C:/Github/RSG_VEdev/VisionEval-Dev/built/development/4.3.2/runtime/models/test/inputs,,None,Region_test_2010.csv
2010,Region,DrvPerPrsn30to54,Target ratio of drivers to persons in the 30 to 54 years old age group,NA/,AssignDrivers,test,region_hh_ave_driver_per_capita.csv,C:/Github/RSG_VEdev/VisionEval-Dev/built/development/4.3.2/runtime/models/test/inputs,,None,Region_test_2010.csv
2010,Region,DrvPerPrsn55to64,Target ratio of drivers to persons in the 55 to 64 years old age group,NA/,AssignDrivers,test,region_hh_ave_driver_per_capita.csv,C:/Github/RSG_VEdev/VisionEval-Dev/built/development/4.3.2/runtime/models/test/inputs,,None,Region_test_2010.csv
2010,Region,DrvPerPrsn65Plus,Target ratio of drivers to persons in the 65 or older age group,NA/,AssignDrivers,test,region_hh_ave_driver_per_capita.csv,C:/Github/RSG_VEdev/VisionEval-Dev/built/development/4.3.2/runtime/models/test/inputs,,None,Region_test_2010.csv
2010,Region,HhFuelCI,Average carbon intensity of fuels used by household vehicles (grams CO2e per megajoule),KG/GGE,Initialize,test,region_ave_fuel_carbon_intensity.csv,C:/Github/RSG_VEdev/VisionEval-Dev/built/development/4.3.2/runtime/models/test/inputs,,None,Region_test_2010.csv
2010,Region,CarSvcFuelCI,Average carbon intensity of fuels used by car service vehicles (grams CO2e per megajoule),KG/GGE,Initialize,test,region_ave_fuel_carbon_intensity.csv,C:/Github/RSG_VEdev/VisionEval-Dev/built/development/4.3.2/runtime/models/test/inputs,,None,Region_test_2010.csv
2010,Region,ComSvcFuelCI,Average carbon intensity of fuels used by commercial service vehicles (grams CO2e per megajoule),KG/GGE,Initialize,test,region_ave_fuel_carbon_intensity.csv,C:/Github/RSG_VEdev/VisionEval-Dev/built/development/4.3.2/runtime/models/test/inputs,,None,Region_test_2010.csv
2010,Region,HvyTrkFuelCI,Average carbon intensity of fuels used by heavy trucks (grams CO2e per megajoule),KG/GGE,Initialize,test,region_ave_fuel_carbon_intensity.csv,C:/Github/RSG_VEdev/VisionEval-Dev/built/development/4.3.2/runtime/models/test/inputs,,None,Region_test_2010.csv
2010,Region,TransitVanFuelCI,Average carbon intensity of fuels used by transit vans (grams CO2e per megajoule),KG/GGE,Initialize,test,region_ave_fuel_carbon_intensity.csv,C:/Github/RSG_VEdev/VisionEval-Dev/built/development/4.3.2/runtime/models/test/inputs,,None,Region_test_2010.csv
2010,Region,TransitBusFuelCI,Average carbon intensity of fuels used by transit buses (grams CO2e per megajoule),KG/GGE,Initialize,test,region_ave_fuel_carbon_intensity.csv,C:/Github/RSG_VEdev/VisionEval-Dev/built/development/4.3.2/runtime/models/test/inputs,,None,Region_test_2010.csv
2010,Region,TransitRailFuelCI,Average carbon intensity of fuels used by transit rail vehicles (grams CO2e per megajoule),KG/GGE,Initialize,test,region_ave_fuel_carbon_intensity.csv,C:/Github/RSG_VEdev/VisionEval-Dev/built/development/4.3.2/runtime/models/test/inputs,,None,Region_test_2010.csv
2010,Region,CarSvcAutoPropIcev,Proportion of car service automobile travel powered by internal combustion engine powertrains,proportion,Initialize,test,region_carsvc_powertrain_prop.csv,C:/Github/RSG_VEdev/VisionEval-Dev/built/development/4.3.2/runtime/models/test/inputs,,None,Region_test_2010.csv
2010,Region,CarSvcAutoPropHev,Proportion of car service automobile travel powered by hybrid electric powertrains,proportion,Initialize,test,region_carsvc_powertrain_prop.csv,C:/Github/RSG_VEdev/VisionEval-Dev/built/development/4.3.2/runtime/models/test/inputs,,None,Region_test_2010.csv
2010,Region,CarSvcAutoPropBev,Proportion of car service automobile travel powered by battery electric powertrains,proportion,Initialize,test,region_carsvc_powertrain_prop.csv,C:/Github/RSG_VEdev/VisionEval-Dev/built/development/4.3.2/runtime/models/test/inputs,,None,Region_test_2010.csv
2010,Region,CarSvcLtTrkPropIcev,Proportion of car service light truck travel powered by internal combustion engine powertrains,proportion,Initialize,test,region_carsvc_powertrain_prop.csv,C:/Github/RSG_VEdev/VisionEval-Dev/built/development/4.3.2/runtime/models/test/inputs,,None,Region_test_2010.csv
2010,Region,CarSvcLtTrkPropHev,Proportion of car service light truck travel powered by hybrid electric powertrains,proportion,Initialize,test,region_carsvc_powertrain_prop.csv,C:/Github/RSG_VEdev/VisionEval-Dev/built/development/4.3.2/runtime/models/test/inputs,,None,Region_test_2010.csv
2010,Region,CarSvcLtTrkPropBev,Proportion of car service light truck travel powered by battery electric powertrains,proportion,Initialize,test,region_carsvc_powertrain_prop.csv,C:/Github/RSG_VEdev/VisionEval-Dev/built/development/4.3.2/runtime/models/test/inputs,,None,Region_test_2010.csv
2010,Region,ComSvcAutoPropIcev,Proportion of commercial service automobile travel powered by internal combustion engine powertrains,proportion,Initialize,test,region_comsvc_powertrain_prop.csv,C:/Github/RSG_VEdev/VisionEval-Dev/built/development/4.3.2/runtime/models/test/inputs,,None,Region_test_2010.csv
2010,Region,ComSvcAutoPropHev,Proportion of commercial service automobile travel powered by hybrid electric powertrains,proportion,Initialize,test,region_comsvc_powertrain_prop.csv,C:/Github/RSG_VEdev/VisionEval-Dev/built/development/4.3.2/runtime/models/test/inputs,,None,Region_test_2010.csv
2010,Region,ComSvcAutoPropBev,Proportion of commercial service automobile travel powered by battery electric powertrains,proportion,Initialize,test,region_comsvc_powertrain_prop.csv,C:/Github/RSG_VEdev/VisionEval-Dev/built/development/4.3.2/runtime/models/test/inputs,,None,Region_test_2010.csv
2010,Region,ComSvcLtTrkPropIcev,Proportion of commercial service light truck travel powered by internal combustion engine powertrains,proportion,Initialize,test,region_comsvc_powertrain_prop.csv,C:/Github/RSG_VEdev/VisionEval-Dev/built/development/4.3.2/runtime/models/test/inputs,,None,Region_test_2010.csv
2010,Region,ComSvcLtTrkPropHev,Proportion of commercial service light truck travel powered by hybrid electric powertrains,proportion,Initialize,test,region_comsvc_powertrain_prop.csv,C:/Github/RSG_VEdev/VisionEval-Dev/built/development/4.3.2/runtime/models/test/inputs,,None,Region_test_2010.csv
2010,Region,ComSvcLtTrkPropBev,Proportion of commercial service light truck travel powered by battery electric powertrains,proportion,Initialize,test,region_comsvc_powertrain_prop.csv,C:/Github/RSG_VEdev/VisionEval-Dev/built/development/4.3.2/runtime/models/test/inputs,,None,Region_test_2010.csv
2010,Region,HvyTrkPropIcev,Proportion of heavy truck travel powered by internal combustion engine powertrains,proportion,Initialize,test,region_hvytrk_powertrain_prop.csv,C:/Github/RSG_VEdev/VisionEval-Dev/built/development/4.3.2/runtime/models/test/inputs,,None,Region_test_2010.csv
2010,Region,HvyTrkPropHev,Proportion of heavy truck travel powered by hybrid electric powertrains,proportion,Initialize,test,region_hvytrk_powertrain_prop.csv,C:/Github/RSG_VEdev/VisionEval-Dev/built/development/4.3.2/runtime/models/test/inputs,,None,Region_test_2010.csv
2010,Region,HvyTrkPropBev,Proportion of heavy truck travel powered by battery electric powertrains,proportion,Initialize,test,region_hvytrk_powertrain_prop.csv,C:/Github/RSG_VEdev/VisionEval-Dev/built/development/4.3.2/runtime/models/test/inputs,,None,Region_test_2010.csv
2010,Region,PropClimateCostPaid,Proportion of climate change costs paid by users (i.e. ratio of carbon taxes to climate change costs),proportion,CalculateVehicleOperatingCost,test,region_prop_externalities_paid.csv,C:/Github/RSG_VEdev/VisionEval-Dev/built/development/4.3.2/runtime/models/test/inputs,,None,Region_test_2010.csv
2010,Region,PropOtherExtCostPaid,Proportion of other social costs paid by users,proportion,CalculateVehicleOperatingCost,test,region_prop_externalities_paid.csv,C:/Github/RSG_VEdev/VisionEval-Dev/built/development/4.3.2/runtime/models/test/inputs,,None,Region_test_2010.csv
2010,Region,CO2eCost,Environmental and social cost of CO2e emissions per metric ton,USD,CalculateVehicleOperatingCost,test,region_co2e_costs.csv,C:/Github/RSG_VEdev/VisionEval-Dev/built/development/4.3.2/runtime/models/test/inputs,,None,Region_test_2010.csv
2010,Region,RoadBaseModCost,Average base modernization cost per light-duty vehicle mile traveled (dollars per vehicle mile). Base modernization includes roadway improvements exclusive of addition of lanes.,USD,BalanceRoadCostsAndRevenues,test,region_road_cost.csv,C:/Github/RSG_VEdev/VisionEval-Dev/built/development/4.3.2/runtime/models/test/inputs,,None,Region_test_2010.csv
2010,Region,RoadPresOpMaintCost,"Average road preservation, operations, and maintenance cost per light-duty vehicle mile traveled (dollars per vehicle mile).",USD,BalanceRoadCostsAndRevenues,test,region_road_cost.csv,C:/Github/RSG_VEdev/VisionEval-Dev/built/development/4.3.2/runtime/models/test/inputs,,None,Region_test_2010.csv
2010,Region,RoadOtherCost,"Average other road cost (e.g. administration, planning, project development, safety) per light-duty vehicle mile traveled (dollars per vehicle mile).",USD,BalanceRoadCostsAndRevenues,test,region_road_cost.csv,C:/Github/RSG_VEdev/VisionEval-Dev/built/development/4.3.2/runtime/models/test/inputs,,None,Region_test_2010.csv
2010,Region,FwyLnMiCost,Average cost to build one freeway lane-mile (dollars per lane-mile),USD,BalanceRoadCostsAndRevenues,test,region_road_cost.csv,C:/Github/RSG_VEdev/VisionEval-Dev/built/development/4.3.2/runtime/models/test/inputs,,None,Region_test_2010.csv
2010,Region,ArtLnMiCost,Average cost to build one arterial lane-mile (dollars per lane-mile),USD,BalanceRoadCostsAndRevenues,test,region_road_cost.csv,C:/Github/RSG_VEdev/VisionEval-Dev/built/development/4.3.2/runtime/models/test/inputs,,None,Region_test_2010.csv
2010,Region,HvyTrkPCE,Passenger car equivalent (PCE) for heavy trucks. PCE indicates the number of light-duty vehicles a heavy truck is equivalent to in calculating road capacity.,ratio,BalanceRoadCostsAndRevenues,test,region_road_cost.csv,C:/Github/RSG_VEdev/VisionEval-Dev/built/development/4.3.2/runtime/models/test/inputs,,None,Region_test_2010.csv
2010,Region,ComSvcLtTrkProp,Regional proportion of commercial service vehicles that are light trucks,proportion,CalculateComEnergyAndEmissions,test,region_comsvc_lttrk_prop.csv,C:/Github/RSG_VEdev/VisionEval-Dev/built/development/4.3.2/runtime/models/test/inputs,,None,Region_test_2010.csv
2010,Region,AveComSvcVehicleAge,Average age of commercial service vehicles,DAY,CalculateComEnergyAndEmissions,test,region_comsvc_veh_mean_age.csv,C:/Github/RSG_VEdev/VisionEval-Dev/built/development/4.3.2/runtime/models/test/inputs,,None,Region_test_2010.csv
2010,Region,HhAutoFuelCI,Average carbon intensity of fuels used by household automobiles (grams CO2e per megajoule),KG/GGE,CalculateCarbonIntensity,test,"","",,None,Region_test_2010.csv
2010,Region,HhLtTrkFuelCI,Average carbon intensity of fuels used by household light trucks (grams CO2e per megajoule),KG/GGE,CalculateCarbonIntensity,test,"","",,None,Region_test_2010.csv
2010,Region,CarSvcAutoFuelCI,Average carbon intensity of fuels used by car service automobiles (grams CO2e per megajoule),KG/GGE,CalculateCarbonIntensity,test,"","",,None,Region_test_2010.csv
2010,Region,CarSvcLtTrkFuelCI,Average carbon intensity of fuels used by car service light trucks (grams CO2e per megajoule),KG/GGE,CalculateCarbonIntensity,test,"","",,None,Region_test_2010.csv
2010,Region,ComSvcAutoFuelCI,Average carbon intensity of fuels used by commercial service automobiles (grams CO2e per megajoule),KG/GGE,CalculateCarbonIntensity,test,"","",,None,Region_test_2010.csv
2010,Region,ComSvcLtTrkFuelCI,Average carbon intensity of fuels used by commercial service light trucks (grams CO2e per megajoule),KG/GGE,CalculateCarbonIntensity,test,"","",,None,Region_test_2010.csv
2010,Region,HvyTrkUrbanDvmt,Region heavy truck daily vehicle miles of travel in urbanized areas,MI/DAY,CalculateRoadDvmt,test,"","",,None,Region_test_2010.csv
2010,Region,HvyTrkNonUrbanDvmt,Region heavy truck daily vehicle miles of travel outside of urbanized areas (i.e. in town or rural areas),MI/DAY,CalculateRoadDvmt,test,"","",,None,Region_test_2010.csv
2010,Region,LdvEcoDriveFactor,Proportional adjustment of light-duty internal combustion engine (ICE) vehicle MPG due to eco-driving in uncongested conditions,proportion,CalculateMpgMpkwhAdjustments,test,"","",,None,Region_test_2010.csv
2010,Region,HvyTrkEcoDriveFactor,Proportional adjustment of heavy truck internal combustion engine (ICE) vehicle MPG due to eco-driving in uncongested conditions,proportion,CalculateMpgMpkwhAdjustments,test,"","",,None,Region_test_2010.csv
2010,Region,BusEcoDriveFactor,Proportional adjustment of bus internal combustion engine (ICE) vehicle MPG due to eco-driving in uncongested conditions,proportion,CalculateMpgMpkwhAdjustments,test,"","",,None,Region_test_2010.csv
2010,Region,LdIceFactor,Proportional adjustment of light-duty internal combustion engine (ICE) vehicle MPG in uncongested conditions,proportion,CalculateMpgMpkwhAdjustments,test,"","",,None,Region_test_2010.csv
2010,Region,LdHevFactor,Proportional adjustment of light-duty hybrid-electric vehicle (HEV) MPG in uncongested conditions,proportion,CalculateMpgMpkwhAdjustments,test,"","",,None,Region_test_2010.csv
2010,Region,LdEvFactor,Proportional adjustment of light-duty battery electric vehicle (EV) MPkWh in uncongested conditions,proportion,CalculateMpgMpkwhAdjustments,test,"","",,None,Region_test_2010.csv
2010,Region,LdFcvFactor,Proportional adjustment of light-duty fuel cell vehicle (FCV) MPkWh in uncongested conditions,proportion,CalculateMpgMpkwhAdjustments,test,"","",,None,Region_test_2010.csv
2010,Region,HdIceFactor,Proportional adjustment of heavy-duty internal combustion engine (ICE) vehicle MPG in uncongested conditions,proportion,CalculateMpgMpkwhAdjustments,test,"","",,None,Region_test_2010.csv
2010,Region,ExtraVmtTax,Added vehicle mile tax for household vehicle use to pay for any deficit between road costs and road revenues (dollars per vehicle mile),USD,BalanceRoadCostsAndRevenues,test,"","",,None,Region_test_2010.csv
2010,Region,HvyTrkNonUrbanGGE,Average daily amount of hydrocarbon fuels consumed by heavy trucks on rural and town roadways in the Region in gas gallon equivalents,GGE/DAY,CalculateComEnergyAndEmissions,test,"","",,None,Region_test_2010.csv
2010,Region,HvyTrkUrbanGGE,Average daily amount of hydrocarbon fuels consumed by heavy trucks on urbanized area roadways in the Region in gas gallon equivalents,GGE/DAY,CalculateComEnergyAndEmissions,test,"","",,None,Region_test_2010.csv
2010,Region,HvyTrkNonUrbanKWH,Average daily amount of electricity consumed by heavy trucks on rural and town roadways in the Region in kilowatt-hours,GGE/DAY,CalculateComEnergyAndEmissions,test,"","",,None,Region_test_2010.csv
2010,Region,HvyTrkUrbanKWH,Average daily amount of electricity consumed by heavy trucks on urbanized area roadways in the Region in kilowatt-hours,GGE/DAY,CalculateComEnergyAndEmissions,test,"","",,None,Region_test_2010.csv
2010,Region,HvyTrkNonUrbanCO2e,Average daily amount of carbon-dioxide equivalents produced by heavy trucks on rural and town roadways in the Region in grams,KG/DAY,CalculateComEnergyAndEmissions,test,"","",,None,Region_test_2010.csv
2010,Region,HvyTrkUrbanCO2e,Average daily amount of carbon-dioxide equivalents produced by heavy trucks on urbanized area roadways in the Region in grams,KG/DAY,CalculateComEnergyAndEmissions,test,"","",,None,Region_test_2010.csv
2010,Region,Global,Global group indicator,"","",test,"","","","",Region_test_2010.csv
2010,Region,Year,Year group indicator,"","",test,"","","","",Region_test_2010.csv
2010,Region,Scenario,Scenario group indicator,"","",test,"","","","",Region_test_2010.csv
2010,Household,HhId,Unique household ID,ID,CreateHouseholds,test,"","",,None,Household_test_2010.csv
2010,Household,Azone,Azone ID,ID,CreateHouseholds,test,"","",,None,Household_test_2010.csv
2010,Household,Marea,Marea ID,ID,CreateHouseholds,test,"","",,None,Household_test_2010.csv
2010,Household,HhSize,Number of persons,PRSN,CreateHouseholds,test,"","",,None,Household_test_2010.csv
2010,Household,Age0to14,Persons in 0 to 14 year old age group,PRSN,CreateHouseholds,test,"","",,None,Household_test_2010.csv
2010,Household,Age15to19,Persons in 15 to 19 year old age group,PRSN,CreateHouseholds,test,"","",,None,Household_test_2010.csv
2010,Household,Age20to29,Persons in 20 to 29 year old age group,PRSN,CreateHouseholds,test,"","",,None,Household_test_2010.csv
2010,Household,Age30to54,Persons in 30 to 54 year old age group,PRSN,CreateHouseholds,test,"","",,None,Household_test_2010.csv
2010,Household,Age55to64,Persons in 55 to 64 year old age group,PRSN,CreateHouseholds,test,"","",,None,Household_test_2010.csv
2010,Household,Age65Plus,Persons in 65 or older age group,PRSN,CreateHouseholds,test,"","",,None,Household_test_2010.csv
2010,Household,HhType,Coded household age composition (e.g. 2-1-0-2-0-0) or Grp for group quarters,category,CreateHouseholds,test,"","",,None,Household_test_2010.csv
2010,Household,Wkr15to19,Workers in 15 to 19 year old age group,PRSN,PredictWorkers,test,"","",,None,Household_test_2010.csv
2010,Household,Wkr20to29,Workers in 20 to 29 year old age group,PRSN,PredictWorkers,test,"","",,None,Household_test_2010.csv
2010,Household,Wkr30to54,Workers in 30 to 54 year old age group,PRSN,PredictWorkers,test,"","",,None,Household_test_2010.csv
2010,Household,Wkr55to64,Workers in 55 to 64 year old age group,PRSN,PredictWorkers,test,"","",,None,Household_test_2010.csv
2010,Household,Wkr65Plus,Workers in 65 or older age group,PRSN,PredictWorkers,test,"","",,None,Household_test_2010.csv
2010,Household,Workers,Total workers,PRSN,PredictWorkers,test,"","",,None,Household_test_2010.csv
2010,Household,LifeCycle,Household life cycle as defined by 2009 NHTS LIF_CYC variable,category,AssignLifeCycle,test,"","",,None,Household_test_2010.csv
2010,Household,Income,Total annual household (non-qroup & group quarters) income,USD,PredictIncome,test,"","",,None,Household_test_2010.csv
2010,Household,HouseType,"Type of dwelling unit in which the household resides (SF = single family, MF = multi-family, GQ = group quarters",category,PredictHousing,test,"","",,None,Household_test_2010.csv
2010,Household,Bzone,ID of Bzone in which household resides,ID,PredictHousing,test,"","",,None,Household_test_2010.csv
2010,Household,LocType,"Location type (Urban, Town, Rural) of the place where the household resides",category,AssignLocTypes,test,"","",,None,Household_test_2010.csv
2010,Household,IsUrbanMixNbrhd,Flag identifying whether household is (1) or is not (0) in urban mixed-use neighborhood,binary,CalculateUrbanMixMeasure,test,"","",,None,Household_test_2010.csv
2010,Household,FreeParkingSpaces,Number of free parking spaces available to the household,parking spaces,AssignParkingRestrictions,test,"","",,None,Household_test_2010.csv
2010,Household,ParkingUnitCost,Daily cost for long-term parking (e.g. paid on monthly basis),USD,AssignParkingRestrictions,test,"","",,None,Household_test_2010.csv
2010,Household,OtherParkingCost,Daily cost for parking at shopping locations or other locations of paid parking not including work (not adjusted for number of vehicle trips),USD,AssignParkingRestrictions,test,"","",,None,Household_test_2010.csv
2010,Household,IsIMP,"Identifies whether household is participant in travel demand management individualized marketing program (IMP): 1 = yes, 0 = no",binary,AssignDemandManagement,test,"","",,None,Household_test_2010.csv
2010,Household,PropTdmDvmtReduction,Proportional reduction in household DVMT due to participation in travel demand management programs,proportion,AssignDemandManagement,test,"","",,None,Household_test_2010.csv
2010,Household,CarSvcLevel,Level of car service availability. High means access is competitive with household owned car. Low is not competitive.,category,AssignCarSvcAvailability,test,"","",,None,Household_test_2010.csv
2010,Household,Drv15to19,Number of drivers 15 to 19 years old,PRSN,AssignDrivers,test,"","",,None,Household_test_2010.csv
2010,Household,Drv20to29,Number of drivers 20 to 29 years old,PRSN,AssignDrivers,test,"","",,None,Household_test_2010.csv
2010,Household,Drv30to54,Number of drivers 30 to 54 years old,PRSN,AssignDrivers,test,"","",,None,Household_test_2010.csv
2010,Household,Drv55to64,Number of drivers 55 to 64 years old,PRSN,AssignDrivers,test,"","",,None,Household_test_2010.csv
2010,Household,Drv65Plus,Number of drivers 65 or older,PRSN,AssignDrivers,test,"","",,None,Household_test_2010.csv
2010,Household,Drivers,Number of drivers in household,PRSN,AssignDrivers,test,"","",,None,Household_test_2010.csv
2010,Household,DrvAgePersons,Number of people 15 year old or older in the household,PRSN,AssignDrivers,test,"","",,None,Household_test_2010.csv
2010,Household,Vehicles,Number of automobiles and light trucks owned or leased by the household including high level car service vehicles available to driving-age persons,VEH,AssignVehicleOwnership,test,"","",,None,Household_test_2010.csv
2010,Household,NumLtTrk,"Number of light trucks (pickup, sport-utility vehicle, and van) owned or leased by household",VEH,AssignVehicleType,test,"","",,None,Household_test_2010.csv
2010,Household,NumAuto,Number of automobiles (i.e. 4-tire passenger vehicles that are not light trucks) owned or leased by household,VEH,AssignVehicleType,test,"","",,None,Household_test_2010.csv
2010,Household,HasPaydIns,"Identifies whether household has pay-as-you-drive insurance for vehicles: 1 = Yes, 0 = no",binary,CalculateVehicleOwnCost,test,"","",,None,Household_test_2010.csv
2010,Household,OwnCostSavings,"Annual vehicle ownership cost (depreciation, finance, insurance, taxes) savings in dollars resulting from substituting the use of car services for a household vehicle",USD,AdjustVehicleOwnership,test,"","",,None,Household_test_2010.csv
2010,Household,OwnCost,"Annual household vehicle ownership cost (depreciation, finance, insurance, taxes) savings in dollars",USD,AdjustVehicleOwnership,test,"","",,None,Household_test_2010.csv
2010,Household,NumHighCarSvc,Number of high level service car service vehicles available to the household (difference between number of vehicles owned by the household and number of driving age persons for households having availability of high level car services,VEH,AdjustVehicleOwnership,test,"","",,None,Household_test_2010.csv
2010,Household,Dvmt,Average daily vehicle miles traveled by the household in autos or light trucks,MI/DAY,CalculateHouseholdDvmt,test,"","",,None,Household_test_2010.csv
2010,Household,WalkTrips,Average number of walk trips per year by household members,TRIP/DAY,CalculateAltModeTrips,test,"","",,None,Household_test_2010.csv
2010,Household,BikeTrips,Average number of bicycle trips per year by household members,TRIP/DAY,CalculateAltModeTrips,test,"","",,None,Household_test_2010.csv
2010,Household,TransitTrips,Average number of public transit trips per year by household members,TRIP/DAY,CalculateAltModeTrips,test,"","",,None,Household_test_2010.csv
2010,Household,VehicleTrips,Average number of vehicle trips per day by household members,TRIP/DAY,CalculateVehicleTrips,test,"","",,None,Household_test_2010.csv
2010,Household,AveVehTripLen,Average household vehicle trip length in miles,MI,CalculateVehicleTrips,test,"","",,None,Household_test_2010.csv
2010,Household,PropDvmtDiverted,"Proportion of household DVMT diverted to bicycling, electric bikes, or other 'low-speed' travel modes",proportion,DivertSovTravel,test,"","",,None,Household_test_2010.csv
2010,Household,AveTrpLenDiverted,"Average length in miles of vehicle trips diverted to bicycling, electric bikes, or other 'low-speed' travel modes",MI,DivertSovTravel,test,"","",,None,Household_test_2010.csv
2010,Household,SovDvmtProp,Proportion of household DVMT in single-occupant vehicle trips,proportion,DivertSovTravel,test,"","",,None,Household_test_2010.csv
2010,Household,UrbanDvmtProp,Proportion of household DVMT traveled on urban roads in the marea where the household resides,proportion,CalculateRoadDvmt,test,"","",,None,Household_test_2010.csv
2010,Household,IsEcoDrive,Flag identifying whether drivers in household are eco-drivers,binary,AdjustHhVehicleMpgMpkwh,test,"","",,None,Household_test_2010.csv
2010,Household,AveVehCostPM,Average out-of-pocket cost in dollars per mile of vehicle travel,USD,CalculateVehicleOperatingCost,test,"","",,None,Household_test_2010.csv
2010,Household,AveSocEnvCostPM,Average cost in dollars of the social and environmental impacts per mile of vehicle travel,USD,CalculateVehicleOperatingCost,test,"","",,None,Household_test_2010.csv
2010,Household,AveRoadUseTaxPM,Average road use taxes in dollars collected per mile of vehicle travel,USD,CalculateVehicleOperatingCost,test,"","",,None,Household_test_2010.csv
2010,Household,AveGPM,Average gasoline equivalent gallons per mile of household vehicle travel,GGE/MI,CalculateVehicleOperatingCost,test,"","",,None,Household_test_2010.csv
2010,Household,AveKWHPM,Average kilowatt-hours per mile of household vehicle travel,GGE/MI,CalculateVehicleOperatingCost,test,"","",,None,Household_test_2010.csv
2010,Household,AveCO2ePM,Average grams of carbon-dioxide equivalents produced per mile of household vehicle travel,KG/MI,CalculateVehicleOperatingCost,test,"","",,None,Household_test_2010.csv
2010,Household,DailyGGE,Gasoline equivalent gallons consumed per day by household vehicle travel,GGE/DAY,BudgetHouseholdDvmt,test,"","",,None,Household_test_2010.csv
2010,Household,DailyKWH,Kilowatt-hours consumed per day by household vehicle travel,GGE/DAY,BudgetHouseholdDvmt,test,"","",,None,Household_test_2010.csv
2010,Household,DailyCO2e,Grams of carbon-dioxide equivalents produced per day by household vehicle travel,KG/DAY,BudgetHouseholdDvmt,test,"","",,None,Household_test_2010.csv
2010,Household,Global,Global group indicator,"","",test,"","","","",Household_test_2010.csv
2010,Household,Year,Year group indicator,"","",test,"","","","",Household_test_2010.csv
2010,Household,Scenario,Scenario group indicator,"","",test,"","","","",Household_test_2010.csv
2010,Worker,HhId,Unique household ID,ID,LocateEmployment,test,"","",,None,Worker_test_2010.csv
2010,Worker,WkrId,Unique worker ID,ID,LocateEmployment,test,"","",,None,Worker_test_2010.csv
2010,Worker,Bzone,Bzone ID of worker job location,ID,LocateEmployment,test,"","",,None,Worker_test_2010.csv
2010,Worker,Azone,Azone ID of worker job location,ID,LocateEmployment,test,"","",,None,Worker_test_2010.csv
2010,Worker,Marea,Marea ID of worker job location,ID,LocateEmployment,test,"","",,None,Worker_test_2010.csv
2010,Worker,DistanceToWork,Distance from home to work assuming location at Bzone centroid and 'Manhattan' distance,MI,LocateEmployment,test,"","",,None,Worker_test_2010.csv
2010,Worker,PaysForParking,"Does worker pay for parking: 1 = yes, 0 = no",binary,AssignParkingRestrictions,test,"","",,None,Worker_test_2010.csv
2010,Worker,IsCashOut,"Is worker paid parking in cash-out-buy-back program: 1 = yes, 0 = no",binary,AssignParkingRestrictions,test,"","",,None,Worker_test_2010.csv
2010,Worker,ParkingCost,Daily cost for long-term parking (e.g. paid on monthly basis),USD,AssignParkingRestrictions,test,"","",,None,Worker_test_2010.csv
2010,Worker,IsECO,"Identifies whether worker is a participant in travel demand management employee commute options program: 1 = yes, 0 = no",binary,AssignDemandManagement,test,"","",,None,Worker_test_2010.csv
2010,Worker,Global,Global group indicator,"","",test,"","","","",Worker_test_2010.csv
2010,Worker,Year,Year group indicator,"","",test,"","","","",Worker_test_2010.csv
2010,Worker,Scenario,Scenario group indicator,"","",test,"","","","",Worker_test_2010.csv
2010,Vehicle,HhId,Unique household ID,ID,CreateVehicleTable,test,"","",,None,Vehicle_test_2010.csv
2010,Vehicle,VehId,Unique vehicle ID,ID,CreateVehicleTable,test,"","",,None,Vehicle_test_2010.csv
2010,Vehicle,Azone,Azone ID,ID,CreateVehicleTable,test,"","",,None,Vehicle_test_2010.csv
2010,Vehicle,Marea,Marea ID,ID,CreateVehicleTable,test,"","",,None,Vehicle_test_2010.csv
2010,Vehicle,VehicleAccess,"Identifier whether vehicle is owned by household (Own), if vehicle is low level car service (LowCarSvc), or if vehicle is high level car service (HighCarSvc)",category,CreateVehicleTable,test,"","",,None,Vehicle_test_2010.csv
2010,Vehicle,Type,"Vehicle body type: Auto = automobile, LtTrk = light trucks (i.e. pickup, SUV, Van)",category,CreateVehicleTable,test,"","",,None,Vehicle_test_2010.csv
2010,Vehicle,Age,Vehicle age in years,DAY,AssignVehicleAge,test,"","",,None,Vehicle_test_2010.csv
2010,Vehicle,OwnCost,"Annual cost of vehicle ownership including depreciation, financing, insurance, taxes, and residential parking in dollars",USD,CalculateVehicleOwnCost,test,"","",,None,Vehicle_test_2010.csv
2010,Vehicle,OwnCostPerMile,Annual cost of vehicle ownership per mile of vehicle travel (dollars per mile),USD,CalculateVehicleOwnCost,test,"","",,None,Vehicle_test_2010.csv
2010,Vehicle,InsCost,Annual vehicle insurance cost in dollars,USD,CalculateVehicleOwnCost,test,"","",,None,Vehicle_test_2010.csv
2010,Vehicle,SwitchToCarSvc,Identifies whether a vehicle was switched from owned to car service,binary,AdjustVehicleOwnership,test,"","",,None,Vehicle_test_2010.csv
2010,Vehicle,Powertrain,"Vehicle powertrain type: ICEV = internal combustion engine vehicle, HEV = hybrid electric vehicle, PHEV = plug-in hybrid electric vehicle, BEV = battery electric vehicle, NA = not applicable because is a car service vehicle",category,AssignHhVehiclePowertrain,test,"","",,None,Vehicle_test_2010.csv
2010,Vehicle,BatRng,Miles of travel possible on fully charged battery,MI,AssignHhVehiclePowertrain,test,"","",,None,Vehicle_test_2010.csv
2010,Vehicle,MPG,Average miles of vehicle travel powered by fuel per gasoline equivalent gallon,MI/GGE,AssignHhVehiclePowertrain,test,"","",,None,Vehicle_test_2010.csv
2010,Vehicle,GPM,Average gasoline equivalent gallons per mile of vehicle travel powered by fuel,GGE/MI,AssignHhVehiclePowertrain,test,"","",,None,Vehicle_test_2010.csv
2010,Vehicle,MPKWH,Average miles of vehicle travel powered by electricity per kilowatt-hour,MI/GGE,AssignHhVehiclePowertrain,test,"","",,None,Vehicle_test_2010.csv
2010,Vehicle,KWHPM,Average kilowatt-hours per mile of vehicle travel powered by electricity,GGE/MI,AssignHhVehiclePowertrain,test,"","",,None,Vehicle_test_2010.csv
2010,Vehicle,MPGe,Average miles of vehicle travel per gasoline equivalent gallon (fuel and electric powered),MI/GGE,AssignHhVehiclePowertrain,test,"","",,None,Vehicle_test_2010.csv
2010,Vehicle,ElecDvmtProp,Proportion of DVMT powered by electricity,proportion,AssignHhVehiclePowertrain,test,"","",,None,Vehicle_test_2010.csv
2010,Vehicle,FuelCO2ePM,Average grams of carbon-dioxide equivalents produced per mile of travel powered by fuel,KG/MI,AssignHhVehiclePowertrain,test,"","",,None,Vehicle_test_2010.csv
2010,Vehicle,ElecCO2ePM,Average grams of carbon-dioxide equivalents produced per mile of travel powered by electricity,KG/MI,AssignHhVehiclePowertrain,test,"","",,None,Vehicle_test_2010.csv
2010,Vehicle,DvmtProp,Proportion of household DVMT allocated to vehicle,proportion,CalculateVehicleOperatingCost,test,"","",,None,Vehicle_test_2010.csv
2010,Vehicle,Global,Global group indicator,"","",test,"","","","",Vehicle_test_2010.csv
2010,Vehicle,Year,Year group indicator,"","",test,"","","","",Vehicle_test_2010.csv
2010,Vehicle,Scenario,Scenario group indicator,"","",test,"","","","",Vehicle_test_2010.csv
2038,Bzone,Bzone,,"",visioneval,test,geo.csv,C:/Github/RSG_VEdev/VisionEval-Dev/built/development/4.3.2/runtime/models/test/defs,,None,Bzone_test_2038.csv
2038,Bzone,Azone,,"",visioneval,test,geo.csv,C:/Github/RSG_VEdev/VisionEval-Dev/built/development/4.3.2/runtime/models/test/defs,,None,Bzone_test_2038.csv
2038,Bzone,Marea,,"",visioneval,test,geo.csv,C:/Github/RSG_VEdev/VisionEval-Dev/built/development/4.3.2/runtime/models/test/defs,,None,Bzone_test_2038.csv
2038,Bzone,SFDU,Number of single family dwelling units (PUMS codes 01 - 03) in zone,DU,PredictHousing,test,bzone_dwelling_units.csv,C:/Github/RSG_VEdev/VisionEval-Dev/built/development/4.3.2/runtime/models/test/inputs,,None,Bzone_test_2038.csv
2038,Bzone,MFDU,Number of multi-family dwelling units (PUMS codes 04 - 09) in zone,DU,PredictHousing,test,bzone_dwelling_units.csv,C:/Github/RSG_VEdev/VisionEval-Dev/built/development/4.3.2/runtime/models/test/inputs,,None,Bzone_test_2038.csv
2038,Bzone,GQDU,Number of qroup quarters population accommodations in zone,DU,PredictHousing,test,bzone_dwelling_units.csv,C:/Github/RSG_VEdev/VisionEval-Dev/built/development/4.3.2/runtime/models/test/inputs,,None,Bzone_test_2038.csv
2038,Bzone,HhPropIncQ1,Proportion of Bzone households (non-group quarters) in 1st quartile of Azone household income,NA,PredictHousing,test,bzone_hh_inc_qrtl_prop.csv,C:/Github/RSG_VEdev/VisionEval-Dev/built/development/4.3.2/runtime/models/test/inputs,,None,Bzone_test_2038.csv
2038,Bzone,HhPropIncQ2,Proportion of Bzone households (non-group quarters) in 2nd quartile of Azone household income,NA,PredictHousing,test,bzone_hh_inc_qrtl_prop.csv,C:/Github/RSG_VEdev/VisionEval-Dev/built/development/4.3.2/runtime/models/test/inputs,,None,Bzone_test_2038.csv
2038,Bzone,HhPropIncQ3,Proportion of Bzone households (non-group quarters) in 3rd quartile of Azone household income,NA,PredictHousing,test,bzone_hh_inc_qrtl_prop.csv,C:/Github/RSG_VEdev/VisionEval-Dev/built/development/4.3.2/runtime/models/test/inputs,,None,Bzone_test_2038.csv
2038,Bzone,HhPropIncQ4,Proportion of Bzone households (non-group quarters) in 4th quartile of Azone household income,NA,PredictHousing,test,bzone_hh_inc_qrtl_prop.csv,C:/Github/RSG_VEdev/VisionEval-Dev/built/development/4.3.2/runtime/models/test/inputs,,None,Bzone_test_2038.csv
2038,Bzone,TotEmp,Total number of jobs in zone,PRSN,LocateEmployment,test,bzone_employment.csv,C:/Github/RSG_VEdev/VisionEval-Dev/built/development/4.3.2/runtime/models/test/inputs,,None,Bzone_test_2038.csv
2038,Bzone,RetEmp,Number of jobs in retail sector in zone,PRSN,LocateEmployment,test,bzone_employment.csv,C:/Github/RSG_VEdev/VisionEval-Dev/built/development/4.3.2/runtime/models/test/inputs,,None,Bzone_test_2038.csv
2038,Bzone,SvcEmp,Number of jobs in service sector in zone,PRSN,LocateEmployment,test,bzone_employment.csv,C:/Github/RSG_VEdev/VisionEval-Dev/built/development/4.3.2/runtime/models/test/inputs,,None,Bzone_test_2038.csv
2038,Bzone,Latitude,Latitude in decimal degrees of the centroid of the zone,NA,LocateEmployment,test,bzone_lat_lon.csv,C:/Github/RSG_VEdev/VisionEval-Dev/built/development/4.3.2/runtime/models/test/inputs,,None,Bzone_test_2038.csv
2038,Bzone,Longitude,Longitude in decimal degrees of the centroid of the zone,NA,LocateEmployment,test,bzone_lat_lon.csv,C:/Github/RSG_VEdev/VisionEval-Dev/built/development/4.3.2/runtime/models/test/inputs,,None,Bzone_test_2038.csv
2038,Bzone,PropUrbanSFDU,Proportion of single family dwelling units located within the urban portion of the zone,NA,AssignLocTypes,test,bzone_urban-town_du_proportions.csv,C:/Github/RSG_VEdev/VisionEval-Dev/built/development/4.3.2/runtime/models/test/inputs,,None,Bzone_test_2038.csv
2038,Bzone,PropUrbanMFDU,Proportion of multi-family dwelling units located within the urban portion of the zone,NA,AssignLocTypes,test,bzone_urban-town_du_proportions.csv,C:/Github/RSG_VEdev/VisionEval-Dev/built/development/4.3.2/runtime/models/test/inputs,,None,Bzone_test_2038.csv
2038,Bzone,PropUrbanGQDU,Proportion of group quarters accommodations located within the urban portion of the zone,NA,AssignLocTypes,test,bzone_urban-town_du_proportions.csv,C:/Github/RSG_VEdev/VisionEval-Dev/built/development/4.3.2/runtime/models/test/inputs,,None,Bzone_test_2038.csv
2038,Bzone,PropTownSFDU,Proportion of single family dwelling units located within the town portion of the zone,NA,AssignLocTypes,test,bzone_urban-town_du_proportions.csv,C:/Github/RSG_VEdev/VisionEval-Dev/built/development/4.3.2/runtime/models/test/inputs,,None,Bzone_test_2038.csv
2038,Bzone,PropTownMFDU,Proportion of multi-family dwelling units located within the town portion of the zone,NA,AssignLocTypes,test,bzone_urban-town_du_proportions.csv,C:/Github/RSG_VEdev/VisionEval-Dev/built/development/4.3.2/runtime/models/test/inputs,,None,Bzone_test_2038.csv
2038,Bzone,PropTownGQDU,Proportion of group quarters accommodations located within the town portion of the zone,NA,AssignLocTypes,test,bzone_urban-town_du_proportions.csv,C:/Github/RSG_VEdev/VisionEval-Dev/built/development/4.3.2/runtime/models/test/inputs,,None,Bzone_test_2038.csv
2038,Bzone,UrbanArea,Area that is Urban and unprotected (i.e. developable) within the zone,SQMI,Calculate4DMeasures,test,bzone_unprotected_area.csv,C:/Github/RSG_VEdev/VisionEval-Dev/built/development/4.3.2/runtime/models/test/inputs,,None,Bzone_test_2038.csv
2038,Bzone,TownArea,Area that is Town and unprotected (i.e. developable) within the zone,SQMI,Calculate4DMeasures,test,bzone_unprotected_area.csv,C:/Github/RSG_VEdev/VisionEval-Dev/built/development/4.3.2/runtime/models/test/inputs,,None,Bzone_test_2038.csv
2038,Bzone,RuralArea,Area that is Rural and unprotected (i.e. developable) within the zone,SQMI,Calculate4DMeasures,test,bzone_unprotected_area.csv,C:/Github/RSG_VEdev/VisionEval-Dev/built/development/4.3.2/runtime/models/test/inputs,,None,Bzone_test_2038.csv
2038,Bzone,D3bpo4,Intersection density in terms of pedestrian-oriented intersections having four or more legs per square mile (Ref: EPA 2010 Smart Location Database),pedestrian-oriented intersections per square mile,Calculate4DMeasures,test,bzone_network_design.csv,C:/Github/RSG_VEdev/VisionEval-Dev/built/development/4.3.2/runtime/models/test/inputs,,None,Bzone_test_2038.csv
2038,Bzone,MixUseProp,Target for proportion of households located in mixed-use neighborhoods in zone (or NA if no target),proportion,CalculateUrbanMixMeasure,test,bzone_urban-mixed-use_prop.csv,C:/Github/RSG_VEdev/VisionEval-Dev/built/development/4.3.2/runtime/models/test/inputs,,None,Bzone_test_2038.csv
2038,Bzone,PkgSpacesPerSFDU,Average number of free parking spaces available to residents of single-family dwelling units,parking spaces,AssignParkingRestrictions,test,bzone_parking.csv,C:/Github/RSG_VEdev/VisionEval-Dev/built/development/4.3.2/runtime/models/test/inputs,,None,Bzone_test_2038.csv
2038,Bzone,PkgSpacesPerMFDU,Average number of free parking spaces available to residents of multifamily dwelling units,parking spaces,AssignParkingRestrictions,test,bzone_parking.csv,C:/Github/RSG_VEdev/VisionEval-Dev/built/development/4.3.2/runtime/models/test/inputs,,None,Bzone_test_2038.csv
2038,Bzone,PkgSpacesPerGQ,Average number of free parking spaces available to group quarters residents,parking spaces,AssignParkingRestrictions,test,bzone_parking.csv,C:/Github/RSG_VEdev/VisionEval-Dev/built/development/4.3.2/runtime/models/test/inputs,,None,Bzone_test_2038.csv
2038,Bzone,PropWkrPay,Proportion of workers who pay for parking,proportion,AssignParkingRestrictions,test,bzone_parking.csv,C:/Github/RSG_VEdev/VisionEval-Dev/built/development/4.3.2/runtime/models/test/inputs,,None,Bzone_test_2038.csv
2038,Bzone,PropCashOut,Proportions of workers paying for parking in a cash-out-buy-back program,proportion,AssignParkingRestrictions,test,bzone_parking.csv,C:/Github/RSG_VEdev/VisionEval-Dev/built/development/4.3.2/runtime/models/test/inputs,,None,Bzone_test_2038.csv
2038,Bzone,PropNonWrkTripPay,Proportion of non-work trips who pay for parking,proportion,AssignParkingRestrictions,test,bzone_parking.csv,C:/Github/RSG_VEdev/VisionEval-Dev/built/development/4.3.2/runtime/models/test/inputs,,None,Bzone_test_2038.csv
2038,Bzone,PkgCost,Average daily cost for long-term parking (e.g. paid on monthly basis),USD,AssignParkingRestrictions,test,bzone_parking.csv,C:/Github/RSG_VEdev/VisionEval-Dev/built/development/4.3.2/runtime/models/test/inputs,,None,Bzone_test_2038.csv
2038,Bzone,EcoProp,Proportion of workers working in Bzone who participate in strong employee commute options program,proportion,AssignDemandManagement,test,bzone_travel_demand_mgt.csv,C:/Github/RSG_VEdev/VisionEval-Dev/built/development/4.3.2/runtime/models/test/inputs,,None,Bzone_test_2038.csv
2038,Bzone,ImpProp,Proportion of households residing in Bzone who participate in strong individualized marketing program,proportion,AssignDemandManagement,test,bzone_travel_demand_mgt.csv,C:/Github/RSG_VEdev/VisionEval-Dev/built/development/4.3.2/runtime/models/test/inputs,,None,Bzone_test_2038.csv
2038,Bzone,CarSvcLevel,Level of car service availability. High means access is competitive with household owned car. Low is not competitive.,category,AssignCarSvcAvailability,test,bzone_carsvc_availability.csv,C:/Github/RSG_VEdev/VisionEval-Dev/built/development/4.3.2/runtime/models/test/inputs,,None,Bzone_test_2038.csv
2038,Bzone,D4c,Aggregate frequency of transit service within 0.25 miles of block group boundary per hour during evening peak period (Ref: EPA 2010 Smart Location Database),aggregate peak period transit service,AssignTransitService,test,bzone_transit_service.csv,C:/Github/RSG_VEdev/VisionEval-Dev/built/development/4.3.2/runtime/models/test/inputs,,None,Bzone_test_2038.csv
2038,Bzone,SF,Number of households living in single family dwelling units in zone,DU,PredictHousing,test,"","",,None,Bzone_test_2038.csv
2038,Bzone,MF,Number of households living in multi-family dwelling units in zone,DU,PredictHousing,test,"","",,None,Bzone_test_2038.csv
2038,Bzone,GQ,Number of persons living in group quarters in zone,DU,PredictHousing,test,"","",,None,Bzone_test_2038.csv
2038,Bzone,Pop,Population residing in zone,PRSN,PredictHousing,test,"","",,None,Bzone_test_2038.csv
2038,Bzone,NumHh,Number of households (non-group and group quarters) residing in zone,HH,PredictHousing,test,"","",,None,Bzone_test_2038.csv
2038,Bzone,NumWkr,Number of workers residing in zone,PRSN,PredictHousing,test,"","",,None,Bzone_test_2038.csv
2038,Bzone,UrbanPop,Urbanized area population in the Bzone,PRSN,AssignLocTypes,test,"","",,None,Bzone_test_2038.csv
2038,Bzone,TownPop,Town (i.e. urban but non-urbanized area) population in the Bzone,PRSN,AssignLocTypes,test,"","",,None,Bzone_test_2038.csv
2038,Bzone,RuralPop,Rural (i.e. not urbanized and not town) population in the Bzone,PRSN,AssignLocTypes,test,"","",,None,Bzone_test_2038.csv
2038,Bzone,D1B,Gross population density (people/acre) on unprotected (i.e. developable) land in zone (Ref: EPA 2010 Smart Location Database),PRSN/SQMI,Calculate4DMeasures,test,"","",,None,Bzone_test_2038.csv
2038,Bzone,D1C,Gross employment density (jobs/acre) on unprotected land (i.e. developable) land in zone (Ref: EPA 2010 Smart Location Database),JOB/SQMI,Calculate4DMeasures,test,"","",,None,Bzone_test_2038.csv
2038,Bzone,D1D,Gross activity density (employment + households) on unprotected land in zone (Ref: EPA 2010 Smart Location Database),HHJOB/SQMI,Calculate4DMeasures,test,"","",,None,Bzone_test_2038.csv
2038,Bzone,D2A_JPHH,Ratio of jobs to households in zone (Ref: EPA 2010 Smart Location Database),JOB/HH,Calculate4DMeasures,test,"","",,None,Bzone_test_2038.csv
2038,Bzone,D2A_WRKEMP,Ratio of workers to jobs in zone (Ref: EPA 2010 Smart Location Database),PRSN/JOB,Calculate4DMeasures,test,"","",,None,Bzone_test_2038.csv
2038,Bzone,D2A_EPHHM,"Employment and household entropy measure for zone considering numbers of households, retail jobs, service jobs, and other jobs (Ref: EPA 2010 Smart Location Database)",employment & household entropy,Calculate4DMeasures,test,"","",,None,Bzone_test_2038.csv
2038,Bzone,D5,Destination accessibility of zone calculated as harmonic mean of jobs within 2 miles and population within 5 miles,NA,Calculate4DMeasures,test,"","",,None,Bzone_test_2038.csv
2038,Bzone,Global,Global group indicator,"","",test,"","","","",Bzone_test_2038.csv
2038,Bzone,Year,Year group indicator,"","",test,"","","","",Bzone_test_2038.csv
2038,Bzone,Scenario,Scenario group indicator,"","",test,"","","","",Bzone_test_2038.csv
2038,Azone,Azone,,"",visioneval,test,geo.csv,C:/Github/RSG_VEdev/VisionEval-Dev/built/development/4.3.2/runtime/models/test/defs,,None,Azone_test_2038.csv
2038,Azone,Marea,,"",visioneval,test,geo.csv,C:/Github/RSG_VEdev/VisionEval-Dev/built/development/4.3.2/runtime/models/test/defs,,None,Azone_test_2038.csv
2038,Azone,Age0to14,Household (non-group quarters) population in 0 to 14 year old age group,PRSN,CreateHouseholds,test,azone_hh_pop_by_age.csv,C:/Github/RSG_VEdev/VisionEval-Dev/built/development/4.3.2/runtime/models/test/inputs,,None,Azone_test_2038.csv
2038,Azone,Age15to19,Household (non-group quarters) population in 15 to 19 year old age group,PRSN,CreateHouseholds,test,azone_hh_pop_by_age.csv,C:/Github/RSG_VEdev/VisionEval-Dev/built/development/4.3.2/runtime/models/test/inputs,,None,Azone_test_2038.csv
2038,Azone,Age20to29,Household (non-group quarters) population in 20 to 29 year old age group,PRSN,CreateHouseholds,test,azone_hh_pop_by_age.csv,C:/Github/RSG_VEdev/VisionEval-Dev/built/development/4.3.2/runtime/models/test/inputs,,None,Azone_test_2038.csv
2038,Azone,Age30to54,Household (non-group quarters) population in 30 to 54 year old age group,PRSN,CreateHouseholds,test,azone_hh_pop_by_age.csv,C:/Github/RSG_VEdev/VisionEval-Dev/built/development/4.3.2/runtime/models/test/inputs,,None,Azone_test_2038.csv
2038,Azone,Age55to64,Household (non-group quarters) population in 55 to 64 year old age group,PRSN,CreateHouseholds,test,azone_hh_pop_by_age.csv,C:/Github/RSG_VEdev/VisionEval-Dev/built/development/4.3.2/runtime/models/test/inputs,,None,Azone_test_2038.csv
2038,Azone,Age65Plus,Household (non-group quarters) population in 65 or older age group,PRSN,CreateHouseholds,test,azone_hh_pop_by_age.csv,C:/Github/RSG_VEdev/VisionEval-Dev/built/development/4.3.2/runtime/models/test/inputs,,None,Azone_test_2038.csv
2038,Azone,AveHhSize,Average household size of households (non-group quarters),PRSN/HH,CreateHouseholds,test,azone_hhsize_targets.csv,C:/Github/RSG_VEdev/VisionEval-Dev/built/development/4.3.2/runtime/models/test/inputs,,None,Azone_test_2038.csv
2038,Azone,Prop1PerHh,Proportion of households (non-group quarters) having only one person,proportion of households,CreateHouseholds,test,azone_hhsize_targets.csv,C:/Github/RSG_VEdev/VisionEval-Dev/built/development/4.3.2/runtime/models/test/inputs,,None,Azone_test_2038.csv
2038,Azone,GrpAge0to14,Group quarters population in 0 to 14 year old age group,PRSN,CreateHouseholds,test,azone_gq_pop_by_age.csv,C:/Github/RSG_VEdev/VisionEval-Dev/built/development/4.3.2/runtime/models/test/inputs,,None,Azone_test_2038.csv
2038,Azone,GrpAge15to19,Group quarters population in 15 to 19 year old age group,PRSN,CreateHouseholds,test,azone_gq_pop_by_age.csv,C:/Github/RSG_VEdev/VisionEval-Dev/built/development/4.3.2/runtime/models/test/inputs,,None,Azone_test_2038.csv
2038,Azone,GrpAge20to29,Group quarters population in 20 to 29 year old age group,PRSN,CreateHouseholds,test,azone_gq_pop_by_age.csv,C:/Github/RSG_VEdev/VisionEval-Dev/built/development/4.3.2/runtime/models/test/inputs,,None,Azone_test_2038.csv
2038,Azone,GrpAge30to54,Group quarters population in 30 to 54 year old age group,PRSN,CreateHouseholds,test,azone_gq_pop_by_age.csv,C:/Github/RSG_VEdev/VisionEval-Dev/built/development/4.3.2/runtime/models/test/inputs,,None,Azone_test_2038.csv
2038,Azone,GrpAge55to64,Group quarters population in 55 to 64 year old age group,PRSN,CreateHouseholds,test,azone_gq_pop_by_age.csv,C:/Github/RSG_VEdev/VisionEval-Dev/built/development/4.3.2/runtime/models/test/inputs,,None,Azone_test_2038.csv
2038,Azone,GrpAge65Plus,Group quarters population in 65 or older age group,PRSN,CreateHouseholds,test,azone_gq_pop_by_age.csv,C:/Github/RSG_VEdev/VisionEval-Dev/built/development/4.3.2/runtime/models/test/inputs,,None,Azone_test_2038.csv
2038,Azone,HHIncomePC,Average annual per capita income of households (non-group quarters),USD,PredictIncome,test,azone_per_cap_inc.csv,C:/Github/RSG_VEdev/VisionEval-Dev/built/development/4.3.2/runtime/models/test/inputs,,None,Azone_test_2038.csv
2038,Azone,GQIncomePC,Average annual per capita income of group quarters population,USD,PredictIncome,test,azone_per_cap_inc.csv,C:/Github/RSG_VEdev/VisionEval-Dev/built/development/4.3.2/runtime/models/test/inputs,,None,Azone_test_2038.csv
2038,Azone,AveVehPerDriver,Average number of household vehicles per licensed driver by Azone,NA/,AssignVehicleOwnership,test,azone_hh_ave_veh_per_driver.csv,C:/Github/RSG_VEdev/VisionEval-Dev/built/development/4.3.2/runtime/models/test/inputs,,None,Azone_test_2038.csv
2038,Azone,LtTrkProp,"Proportion of household vehicles that are light trucks (pickup, SUV, van)",proportion,AssignVehicleType,test,azone_hh_lttrk_prop.csv,C:/Github/RSG_VEdev/VisionEval-Dev/built/development/4.3.2/runtime/models/test/inputs,,None,Azone_test_2038.csv
2038,Azone,HighCarSvcCost,"Average cost in dollars per mile for travel by high service level car service exclusive of the cost of fuel, road use taxes, and carbon taxes (and any other social costs charged to vehicle use).",USD,CreateVehicleTable,test,azone_carsvc_characteristics.csv,C:/Github/RSG_VEdev/VisionEval-Dev/built/development/4.3.2/runtime/models/test/inputs,,None,Azone_test_2038.csv
2038,Azone,LowCarSvcCost,"Average cost in dollars per mile for travel by low service level car service exclusive of the cost of fuel, road use taxes, and carbon taxes (and any other social costs charged to vehicle use).",USD,CreateVehicleTable,test,azone_carsvc_characteristics.csv,C:/Github/RSG_VEdev/VisionEval-Dev/built/development/4.3.2/runtime/models/test/inputs,,None,Azone_test_2038.csv
2038,Azone,AveCarSvcVehicleAge,Average age of car service vehicles in years,DAY,CreateVehicleTable,test,azone_carsvc_characteristics.csv,C:/Github/RSG_VEdev/VisionEval-Dev/built/development/4.3.2/runtime/models/test/inputs,,None,Azone_test_2038.csv
2038,Azone,LtTrkCarSvcSubProp,The proportion of light-truck owners who would substitute a less-costly car service option for owning their light truck,proportion,CreateVehicleTable,test,azone_carsvc_characteristics.csv,C:/Github/RSG_VEdev/VisionEval-Dev/built/development/4.3.2/runtime/models/test/inputs,,None,Azone_test_2038.csv
2038,Azone,AutoCarSvcSubProp,Th proportion of automobile owners who would substitute a less-costly car service option for owning their automobile,proportion,CreateVehicleTable,test,azone_carsvc_characteristics.csv,C:/Github/RSG_VEdev/VisionEval-Dev/built/development/4.3.2/runtime/models/test/inputs,,None,Azone_test_2038.csv
2038,Azone,AutoMeanAge,Mean age of automobiles owned or leased by households.,DAY,AssignVehicleAge,test,azone_hh_veh_mean_age.csv,C:/Github/RSG_VEdev/VisionEval-Dev/built/development/4.3.2/runtime/models/test/inputs,,None,Azone_test_2038.csv
2038,Azone,LtTrkMeanAge,Mean age of light trucks owned or leased by households.,DAY,AssignVehicleAge,test,azone_hh_veh_mean_age.csv,C:/Github/RSG_VEdev/VisionEval-Dev/built/development/4.3.2/runtime/models/test/inputs,,None,Azone_test_2038.csv
2038,Azone,VehOwnFlatRateFee,Annual flat rate tax per vehicle in dollars,USD,CalculateVehicleOwnCost,test,azone_hh_veh_own_taxes.csv,C:/Github/RSG_VEdev/VisionEval-Dev/built/development/4.3.2/runtime/models/test/inputs,,None,Azone_test_2038.csv
2038,Azone,VehOwnAdValoremTax,Annual proportion of vehicle value paid in taxes,proportion,CalculateVehicleOwnCost,test,azone_hh_veh_own_taxes.csv,C:/Github/RSG_VEdev/VisionEval-Dev/built/development/4.3.2/runtime/models/test/inputs,,None,Azone_test_2038.csv
2038,Azone,PaydHhProp,Proportion of households in the Azone who have pay-as-you-drive insurance for their vehicles,proportion,CalculateVehicleOwnCost,test,azone_payd_insurance_prop.csv,C:/Github/RSG_VEdev/VisionEval-Dev/built/development/4.3.2/runtime/models/test/inputs,,None,Azone_test_2038.csv
2038,Azone,PropSovDvmtDiverted,Goals for the proportion of household DVMT in single occupant vehicle tours with round-trip distances of 20 miles or less be diverted to bicycling or other slow speed modes of travel,Proportion,DivertSovTravel,test,azone_prop_sov_dvmt_diverted.csv,C:/Github/RSG_VEdev/VisionEval-Dev/built/development/4.3.2/runtime/models/test/inputs,,None,Azone_test_2038.csv
2038,Azone,ElectricityCI,Carbon intensity of electricity at point of consumption (grams CO2e per megajoule),KG/GGE,Initialize,test,azone_electricity_carbon_intensity.csv,C:/Github/RSG_VEdev/VisionEval-Dev/built/development/4.3.2/runtime/models/test/inputs,,None,Azone_test_2038.csv
2038,Azone,PropSFChargingAvail,Proportion of single-family dwellings in Azone that have PEV charging facilties installed or able to be installed,proportion,AssignHhVehiclePowertrain,test,azone_charging_availability.csv,C:/Github/RSG_VEdev/VisionEval-Dev/built/development/4.3.2/runtime/models/test/inputs,,None,Azone_test_2038.csv
2038,Azone,PropMFChargingAvail,Proportion of multi-family dwelling units in Azone that have PEV charging facilities available,proportion,AssignHhVehiclePowertrain,test,azone_charging_availability.csv,C:/Github/RSG_VEdev/VisionEval-Dev/built/development/4.3.2/runtime/models/test/inputs,,None,Azone_test_2038.csv
2038,Azone,PropGQChargingAvail,Proportion of group quarters dwelling units in Azone that have PEV charging facilities available,proportion,AssignHhVehiclePowertrain,test,azone_charging_availability.csv,C:/Github/RSG_VEdev/VisionEval-Dev/built/development/4.3.2/runtime/models/test/inputs,,None,Azone_test_2038.csv
2038,Azone,OwnedVehAccessTime,Average amount of time in minutes required for access to and egress from a household-owned vehicle for a trip,DAY,CalculateVehicleOperatingCost,test,azone_vehicle_access_times.csv,C:/Github/RSG_VEdev/VisionEval-Dev/built/development/4.3.2/runtime/models/test/inputs,,None,Azone_test_2038.csv
2038,Azone,HighCarSvcAccessTime,Average amount of time in minutes required for access to and egress from a high service level car service for a trip,DAY,CalculateVehicleOperatingCost,test,azone_vehicle_access_times.csv,C:/Github/RSG_VEdev/VisionEval-Dev/built/development/4.3.2/runtime/models/test/inputs,,None,Azone_test_2038.csv
2038,Azone,LowCarSvcAccessTime,Average amount of time in minutes required for access to and egress from a low service level car service for a trip,DAY,CalculateVehicleOperatingCost,test,azone_vehicle_access_times.csv,C:/Github/RSG_VEdev/VisionEval-Dev/built/development/4.3.2/runtime/models/test/inputs,,None,Azone_test_2038.csv
2038,Azone,FuelCost,Retail cost of fuel per gas gallon equivalent in dollars,USD,CalculateVehicleOperatingCost,test,azone_fuel_power_cost.csv,C:/Github/RSG_VEdev/VisionEval-Dev/built/development/4.3.2/runtime/models/test/inputs,,None,Azone_test_2038.csv
2038,Azone,PowerCost,Retail cost of electric power per kilowatt-hour in dollars,USD,CalculateVehicleOperatingCost,test,azone_fuel_power_cost.csv,C:/Github/RSG_VEdev/VisionEval-Dev/built/development/4.3.2/runtime/models/test/inputs,,None,Azone_test_2038.csv
2038,Azone,FuelTax,Tax per gas gallon equivalent of fuel in dollars,USD,CalculateVehicleOperatingCost,test,azone_veh_use_taxes.csv,C:/Github/RSG_VEdev/VisionEval-Dev/built/development/4.3.2/runtime/models/test/inputs,,None,Azone_test_2038.csv
2038,Azone,VmtTax,Tax per mile of vehicle travel in dollars,USD,CalculateVehicleOperatingCost,test,azone_veh_use_taxes.csv,C:/Github/RSG_VEdev/VisionEval-Dev/built/development/4.3.2/runtime/models/test/inputs,,None,Azone_test_2038.csv
2038,Azone,PevSurchgTaxProp,Proportion of equivalent gas tax per mile paid by hydrocarbon fuel consuming vehicles to be charged to plug-in electric vehicles per mile of travel powered by electricity,proportion,CalculateVehicleOperatingCost,test,azone_veh_use_taxes.csv,C:/Github/RSG_VEdev/VisionEval-Dev/built/development/4.3.2/runtime/models/test/inputs,,None,Azone_test_2038.csv
2038,Azone,NumHh,Number of households (non-group quarters),HH,CreateHouseholds,test,"","",,None,Azone_test_2038.csv
2038,Azone,NumGq,Number of people in non-institutional group quarters,PRSN,CreateHouseholds,test,"","",,None,Azone_test_2038.csv
2038,Azone,NumWkr,Number of workers residing in the zone,PRSN,PredictWorkers,test,"","",,None,Azone_test_2038.csv
2038,Azone,Global,Global group indicator,"","",test,"","","","",Azone_test_2038.csv
2038,Azone,Year,Year group indicator,"","",test,"","","","",Azone_test_2038.csv
2038,Azone,Scenario,Scenario group indicator,"","",test,"","","","",Azone_test_2038.csv
2038,Marea,Marea,,"",visioneval,test,geo.csv,C:/Github/RSG_VEdev/VisionEval-Dev/built/development/4.3.2/runtime/models/test/defs,,None,Marea_test_2038.csv
2038,Marea,DRRevMi,Annual revenue-miles of demand-responsive public transit service,MI/DAY,AssignTransitService,test,marea_transit_service.csv,C:/Github/RSG_VEdev/VisionEval-Dev/built/development/4.3.2/runtime/models/test/inputs,,None,Marea_test_2038.csv
2038,Marea,VPRevMi,Annual revenue-miles of van-pool and similar public transit service,MI/DAY,AssignTransitService,test,marea_transit_service.csv,C:/Github/RSG_VEdev/VisionEval-Dev/built/development/4.3.2/runtime/models/test/inputs,,None,Marea_test_2038.csv
2038,Marea,MBRevMi,Annual revenue-miles of standard bus public transit service,MI/DAY,AssignTransitService,test,marea_transit_service.csv,C:/Github/RSG_VEdev/VisionEval-Dev/built/development/4.3.2/runtime/models/test/inputs,,None,Marea_test_2038.csv
2038,Marea,RBRevMi,Annual revenue-miles of rapid-bus and commuter bus public transit service,MI/DAY,AssignTransitService,test,marea_transit_service.csv,C:/Github/RSG_VEdev/VisionEval-Dev/built/development/4.3.2/runtime/models/test/inputs,,None,Marea_test_2038.csv
2038,Marea,MGRevMi,Annual revenue-miles of monorail and automated guideway public transit service,MI/DAY,AssignTransitService,test,marea_transit_service.csv,C:/Github/RSG_VEdev/VisionEval-Dev/built/development/4.3.2/runtime/models/test/inputs,,None,Marea_test_2038.csv
2038,Marea,SRRevMi,Annual revenue-miles of streetcar and trolleybus public transit service,MI/DAY,AssignTransitService,test,marea_transit_service.csv,C:/Github/RSG_VEdev/VisionEval-Dev/built/development/4.3.2/runtime/models/test/inputs,,None,Marea_test_2038.csv
2038,Marea,HRRevMi,Annual revenue-miles of light rail and heavy rail public transit service,MI/DAY,AssignTransitService,test,marea_transit_service.csv,C:/Github/RSG_VEdev/VisionEval-Dev/built/development/4.3.2/runtime/models/test/inputs,,None,Marea_test_2038.csv
2038,Marea,CRRevMi,"Annual revenue-miles of commuter rail, hybrid rail, cable car, and aerial tramway public transit service",MI/DAY,AssignTransitService,test,marea_transit_service.csv,C:/Github/RSG_VEdev/VisionEval-Dev/built/development/4.3.2/runtime/models/test/inputs,,None,Marea_test_2038.csv
2038,Marea,FwyLaneMi,Lane-miles of roadways functionally classified as freeways or expressways in the urbanized portion of the metropolitan area,MI,AssignRoadMiles,test,marea_lane_miles.csv,C:/Github/RSG_VEdev/VisionEval-Dev/built/development/4.3.2/runtime/models/test/inputs,,None,Marea_test_2038.csv
2038,Marea,ArtLaneMi,Lane-miles of roadways functionally classified as arterials (but not freeways or expressways) in the urbanized portion of the metropolitan area,MI,AssignRoadMiles,test,marea_lane_miles.csv,C:/Github/RSG_VEdev/VisionEval-Dev/built/development/4.3.2/runtime/models/test/inputs,,None,Marea_test_2038.csv
2038,Marea,TransitVanFuelCI,Average carbon intensity of fuel used by transit vans (grams CO2e per megajoule),KG/GGE,Initialize,test,marea_transit_ave_fuel_carbon_intensity.csv,C:/Github/RSG_VEdev/VisionEval-Dev/built/development/4.3.2/runtime/models/test/inputs,,None,Marea_test_2038.csv
2038,Marea,TransitBusFuelCI,Average carbon intensity of fuel used by transit buses (grams CO2e per megajoule),KG/GGE,Initialize,test,marea_transit_ave_fuel_carbon_intensity.csv,C:/Github/RSG_VEdev/VisionEval-Dev/built/development/4.3.2/runtime/models/test/inputs,,None,Marea_test_2038.csv
2038,Marea,TransitRailFuelCI,Average carbon intensity of fuel used by transit rail vehicles (grams CO2e per megajoule),KG/GGE,Initialize,test,marea_transit_ave_fuel_carbon_intensity.csv,C:/Github/RSG_VEdev/VisionEval-Dev/built/development/4.3.2/runtime/models/test/inputs,,None,Marea_test_2038.csv
2038,Marea,TransitEthanolPropGasoline,Ethanol proportion of gasoline used by transit vehicles,proportion,Initialize,test,marea_transit_biofuel_mix.csv,C:/Github/RSG_VEdev/VisionEval-Dev/built/development/4.3.2/runtime/models/test/inputs,,None,Marea_test_2038.csv
2038,Marea,TransitBiodieselPropDiesel,Biodiesel proportion of diesel used by transit vehicles,proportion,Initialize,test,marea_transit_biofuel_mix.csv,C:/Github/RSG_VEdev/VisionEval-Dev/built/development/4.3.2/runtime/models/test/inputs,,None,Marea_test_2038.csv
2038,Marea,TransitRngPropCng,Renewable natural gas proportion of compressed natural gas used by transit vehicles,proportion,Initialize,test,marea_transit_biofuel_mix.csv,C:/Github/RSG_VEdev/VisionEval-Dev/built/development/4.3.2/runtime/models/test/inputs,,None,Marea_test_2038.csv
2038,Marea,VanPropDiesel,Proportion of non-electric transit van travel powered by diesel,proportion,Initialize,test,marea_transit_fuel.csv,C:/Github/RSG_VEdev/VisionEval-Dev/built/development/4.3.2/runtime/models/test/inputs,,None,Marea_test_2038.csv
2038,Marea,VanPropGasoline,Proportion of non-electric transit van travel powered by gasoline,proportion,Initialize,test,marea_transit_fuel.csv,C:/Github/RSG_VEdev/VisionEval-Dev/built/development/4.3.2/runtime/models/test/inputs,,None,Marea_test_2038.csv
2038,Marea,VanPropCng,Proportion of non-electric transit van travel powered by compressed natural gas,proportion,Initialize,test,marea_transit_fuel.csv,C:/Github/RSG_VEdev/VisionEval-Dev/built/development/4.3.2/runtime/models/test/inputs,,None,Marea_test_2038.csv
2038,Marea,BusPropDiesel,Proportion of non-electric transit bus travel powered by diesel,proportion,Initialize,test,marea_transit_fuel.csv,C:/Github/RSG_VEdev/VisionEval-Dev/built/development/4.3.2/runtime/models/test/inputs,,None,Marea_test_2038.csv
2038,Marea,BusPropGasoline,Proportion of non-electric transit bus travel powered by gasoline,proportion,Initialize,test,marea_transit_fuel.csv,C:/Github/RSG_VEdev/VisionEval-Dev/built/development/4.3.2/runtime/models/test/inputs,,None,Marea_test_2038.csv
2038,Marea,BusPropCng,Proportion of non-electric transit bus travel powered by compressed natural gas,proportion,Initialize,test,marea_transit_fuel.csv,C:/Github/RSG_VEdev/VisionEval-Dev/built/development/4.3.2/runtime/models/test/inputs,,None,Marea_test_2038.csv
2038,Marea,RailPropDiesel,Proportion of non-electric transit rail travel powered by diesel,proportion,Initialize,test,marea_transit_fuel.csv,C:/Github/RSG_VEdev/VisionEval-Dev/built/development/4.3.2/runtime/models/test/inputs,,None,Marea_test_2038.csv
2038,Marea,RailPropGasoline,Proportion of non-electric transit rail travel powered by gasoline,proportion,Initialize,test,marea_transit_fuel.csv,C:/Github/RSG_VEdev/VisionEval-Dev/built/development/4.3.2/runtime/models/test/inputs,,None,Marea_test_2038.csv
2038,Marea,VanPropIcev,Proportion of transit van travel using internal combustion engine powertrains,proportion,Initialize,test,marea_transit_powertrain_prop.csv,C:/Github/RSG_VEdev/VisionEval-Dev/built/development/4.3.2/runtime/models/test/inputs,,None,Marea_test_2038.csv
2038,Marea,VanPropHev,Proportion of transit van travel using hybrid electric powertrains,proportion,Initialize,test,marea_transit_powertrain_prop.csv,C:/Github/RSG_VEdev/VisionEval-Dev/built/development/4.3.2/runtime/models/test/inputs,,None,Marea_test_2038.csv
2038,Marea,VanPropBev,Proportion of transit van travel using battery electric powertrains,proportion,Initialize,test,marea_transit_powertrain_prop.csv,C:/Github/RSG_VEdev/VisionEval-Dev/built/development/4.3.2/runtime/models/test/inputs,,None,Marea_test_2038.csv
2038,Marea,BusPropIcev,Proportion of transit bus travel using internal combustion engine powertrains,proportion,Initialize,test,marea_transit_powertrain_prop.csv,C:/Github/RSG_VEdev/VisionEval-Dev/built/development/4.3.2/runtime/models/test/inputs,,None,Marea_test_2038.csv
2038,Marea,BusPropHev,Proportion of transit bus travel using hybrid electric powertrains,proportion,Initialize,test,marea_transit_powertrain_prop.csv,C:/Github/RSG_VEdev/VisionEval-Dev/built/development/4.3.2/runtime/models/test/inputs,,None,Marea_test_2038.csv
2038,Marea,BusPropBev,Proportion of transit bus travel using battery electric powertrains,proportion,Initialize,test,marea_transit_powertrain_prop.csv,C:/Github/RSG_VEdev/VisionEval-Dev/built/development/4.3.2/runtime/models/test/inputs,,None,Marea_test_2038.csv
2038,Marea,RailPropIcev,Proportion of transit rail travel using internal combustion engine powertrains,proportion,Initialize,test,marea_transit_powertrain_prop.csv,C:/Github/RSG_VEdev/VisionEval-Dev/built/development/4.3.2/runtime/models/test/inputs,,None,Marea_test_2038.csv
2038,Marea,RailPropHev,Proportion of transit rail travel using hybrid electric powertrains,proportion,Initialize,test,marea_transit_powertrain_prop.csv,C:/Github/RSG_VEdev/VisionEval-Dev/built/development/4.3.2/runtime/models/test/inputs,,None,Marea_test_2038.csv
2038,Marea,RailPropEv,Proportion of transit rail travel using electric powertrains,proportion,Initialize,test,marea_transit_powertrain_prop.csv,C:/Github/RSG_VEdev/VisionEval-Dev/built/development/4.3.2/runtime/models/test/inputs,,None,Marea_test_2038.csv
2038,Marea,RampMeterDeployProp,Proportion of freeway DVMT affected by ramp metering deployment,proportion,Initialize,test,marea_operations_deployment.csv,C:/Github/RSG_VEdev/VisionEval-Dev/built/development/4.3.2/runtime/models/test/inputs,,None,Marea_test_2038.csv
2038,Marea,IncidentMgtDeployProp,Proportion of freeway DVMT affected by incident management deployment,proportion,Initialize,test,marea_operations_deployment.csv,C:/Github/RSG_VEdev/VisionEval-Dev/built/development/4.3.2/runtime/models/test/inputs,,None,Marea_test_2038.csv
2038,Marea,SignalCoordDeployProp,Proportion of arterial DVMT affected by signal coordination deployment,proportion,Initialize,test,marea_operations_deployment.csv,C:/Github/RSG_VEdev/VisionEval-Dev/built/development/4.3.2/runtime/models/test/inputs,,None,Marea_test_2038.csv
2038,Marea,AccessMgtDeployProp,Proportion of arterial DVMT affected by access management deployment,proportion,Initialize,test,marea_operations_deployment.csv,C:/Github/RSG_VEdev/VisionEval-Dev/built/development/4.3.2/runtime/models/test/inputs,,None,Marea_test_2038.csv
2038,Marea,OtherFwyOpsDeployProp,Proportion of freeway DVMT affected by deployment of other user-defined freeway operations measures,proportion,Initialize,test,marea_operations_deployment.csv,C:/Github/RSG_VEdev/VisionEval-Dev/built/development/4.3.2/runtime/models/test/inputs,,None,Marea_test_2038.csv
2038,Marea,OtherArtOpsDeployProp,Proportion of arterial DVMT affected by deployment of other user-defined arterial operations measures,proportion,Initialize,test,marea_operations_deployment.csv,C:/Github/RSG_VEdev/VisionEval-Dev/built/development/4.3.2/runtime/models/test/inputs,,None,Marea_test_2038.csv
2038,Marea,FwyNoneCongChg,Charge per mile (U.S. dollars) of vehicle travel on freeways during periods of no congestion,USD,Initialize,test,marea_congestion_charges.csv,C:/Github/RSG_VEdev/VisionEval-Dev/built/development/4.3.2/runtime/models/test/inputs,,None,Marea_test_2038.csv
2038,Marea,FwyModCongChg,Charge per mile (U.S. dollars) of vehicle travel on freeways during periods of moderate congestion,USD,Initialize,test,marea_congestion_charges.csv,C:/Github/RSG_VEdev/VisionEval-Dev/built/development/4.3.2/runtime/models/test/inputs,,None,Marea_test_2038.csv
2038,Marea,FwyHvyCongChg,Charge per mile (U.S. dollars) of vehicle travel on freeways during periods of heavy congestion,USD,Initialize,test,marea_congestion_charges.csv,C:/Github/RSG_VEdev/VisionEval-Dev/built/development/4.3.2/runtime/models/test/inputs,,None,Marea_test_2038.csv
2038,Marea,FwySevCongChg,Charge per mile (U.S. dollars) of vehicle travel on freeways during periods of severe congestion,USD,Initialize,test,marea_congestion_charges.csv,C:/Github/RSG_VEdev/VisionEval-Dev/built/development/4.3.2/runtime/models/test/inputs,,None,Marea_test_2038.csv
2038,Marea,FwyExtCongChg,Charge per mile (U.S. dollars) of vehicle travel on freeways during periods of extreme congestion,USD,Initialize,test,marea_congestion_charges.csv,C:/Github/RSG_VEdev/VisionEval-Dev/built/development/4.3.2/runtime/models/test/inputs,,None,Marea_test_2038.csv
2038,Marea,ArtNoneCongChg,Charge per mile (U.S. dollars) of vehicle travel on arterials during periods of no congestion,USD,Initialize,test,marea_congestion_charges.csv,C:/Github/RSG_VEdev/VisionEval-Dev/built/development/4.3.2/runtime/models/test/inputs,,None,Marea_test_2038.csv
2038,Marea,ArtModCongChg,Charge per mile (U.S. dollars) of vehicle travel on arterials during periods of moderate congestion,USD,Initialize,test,marea_congestion_charges.csv,C:/Github/RSG_VEdev/VisionEval-Dev/built/development/4.3.2/runtime/models/test/inputs,,None,Marea_test_2038.csv
2038,Marea,ArtHvyCongChg,Charge per mile (U.S. dollars) of vehicle travel on arterials during periods of heavy congestion,USD,Initialize,test,marea_congestion_charges.csv,C:/Github/RSG_VEdev/VisionEval-Dev/built/development/4.3.2/runtime/models/test/inputs,,None,Marea_test_2038.csv
2038,Marea,ArtSevCongChg,Charge per mile (U.S. dollars) of vehicle travel on arterials during periods of severe congestion,USD,Initialize,test,marea_congestion_charges.csv,C:/Github/RSG_VEdev/VisionEval-Dev/built/development/4.3.2/runtime/models/test/inputs,,None,Marea_test_2038.csv
2038,Marea,ArtExtCongChg,Charge per mile (U.S. dollars) of vehicle travel on arterials during periods of extreme congestion,USD,Initialize,test,marea_congestion_charges.csv,C:/Github/RSG_VEdev/VisionEval-Dev/built/development/4.3.2/runtime/models/test/inputs,,None,Marea_test_2038.csv
2038,Marea,FwySmooth,"Fractional deployment of speed smoothing traffic management on freeways, where 0 is no deployment and 1 is the full potential fuel savings",proportion,CalculateMpgMpkwhAdjustments,test,marea_speed_smooth_ecodrive.csv,C:/Github/RSG_VEdev/VisionEval-Dev/built/development/4.3.2/runtime/models/test/inputs,,None,Marea_test_2038.csv
2038,Marea,ArtSmooth,"Fractional deployment of speed smoothing traffic management on arterials, where 0 is no deployment and 1 is the full potential fuel savings",proportion,CalculateMpgMpkwhAdjustments,test,marea_speed_smooth_ecodrive.csv,C:/Github/RSG_VEdev/VisionEval-Dev/built/development/4.3.2/runtime/models/test/inputs,,None,Marea_test_2038.csv
2038,Marea,LdvEcoDrive,Eco-driving penetration for light-duty vehicles; the fraction of vehicles from 0 to 1,proportion,CalculateMpgMpkwhAdjustments,test,marea_speed_smooth_ecodrive.csv,C:/Github/RSG_VEdev/VisionEval-Dev/built/development/4.3.2/runtime/models/test/inputs,,None,Marea_test_2038.csv
2038,Marea,HvyTrkEcoDrive,Eco-driving penetration for heavy-duty vehicles; the fraction of vehicles from 0 to 1,proportion,CalculateMpgMpkwhAdjustments,test,marea_speed_smooth_ecodrive.csv,C:/Github/RSG_VEdev/VisionEval-Dev/built/development/4.3.2/runtime/models/test/inputs,,None,Marea_test_2038.csv
2038,Marea,UrbanPop,Urbanized area population in the Marea,PRSN,AssignLocTypes,test,"","",,None,Marea_test_2038.csv
2038,Marea,TownPop,Town (i.e. urban but non-urbanized area) in the Marea,PRSN,AssignLocTypes,test,"","",,None,Marea_test_2038.csv
2038,Marea,RuralPop,Rural (i.e. not urbanized and not town) population in the Marea,PRSN,AssignLocTypes,test,"","",,None,Marea_test_2038.csv
2038,Marea,UrbanIncome,Total household income of the urbanized area population in the Marea,USD,AssignLocTypes,test,"","",,None,Marea_test_2038.csv
2038,Marea,TownIncome,Total household income of the town (i.e. urban but non-urbanized area) population in the Marea,USD,AssignLocTypes,test,"","",,None,Marea_test_2038.csv
2038,Marea,RuralIncome,Total household income of the rural (i.e. not urbanized and not town) population in the Marea,USD,AssignLocTypes,test,"","",,None,Marea_test_2038.csv
2038,Marea,TranRevMiPC,Ratio of annual bus-equivalent revenue-miles (i.e. revenue-miles at the same productivity - passenger miles per revenue mile - as standard bus) to urbanized area population,MI/PRSN/DAY,AssignTransitService,test,"","",,None,Marea_test_2038.csv
2038,Marea,VanDvmt,"Total daily miles traveled by vans of various sizes to provide demand responsive, vanpool, and similar services.",MI/DAY,AssignTransitService,test,"","",,None,Marea_test_2038.csv
2038,Marea,BusDvmt,Total daily miles traveled by buses of various sizes to provide bus service of various types.,MI/DAY,AssignTransitService,test,"","",,None,Marea_test_2038.csv
2038,Marea,RailDvmt,"Total daily miles traveled by light rail, heavy rail, commuter rail, and similar types of vehicles.",MI/DAY,AssignTransitService,test,"","",,None,Marea_test_2038.csv
2038,Marea,FwyLaneMiPC,Ratio of urbanized area freeway and expressway lane-miles to urbanized area population,MI/PRSN,AssignRoadMiles,test,"","",,None,Marea_test_2038.csv
2038,Marea,UrbanHhDvmt,Average daily vehicle miles traveled in autos or light trucks by households residing in the urbanized portion of the Marea,MI/DAY,CalculateHouseholdDvmt,test,"","",,None,Marea_test_2038.csv
2038,Marea,TownHhDvmt,Average daily vehicle miles traveled in autos or light trucks by households residing in town (urban but not urbanized) portion of the Marea,MI/DAY,CalculateHouseholdDvmt,test,"","",,None,Marea_test_2038.csv
2038,Marea,RuralHhDvmt,Average daily vehicle miles traveled in autos or light trucks by households residing in the rural (non-urban) portion of the Marea,MI/DAY,CalculateHouseholdDvmt,test,"","",,None,Marea_test_2038.csv
2038,Marea,ComSvcUrbanDvmt,Commercial service daily vehicle miles of travel associated with Marea urbanized household activity,MI/DAY,CalculateRoadDvmt,test,"","",,None,Marea_test_2038.csv
2038,Marea,ComSvcTownDvmt,Commercial service daily vehicle miles of travel associated with Marea town household activity,MI/DAY,CalculateRoadDvmt,test,"","",,None,Marea_test_2038.csv
2038,Marea,ComSvcRuralDvmt,Commercial service daily vehicle miles of travel associated with Marea rural household activity,MI/DAY,CalculateRoadDvmt,test,"","",,None,Marea_test_2038.csv
2038,Marea,HvyTrkUrbanDvmt,Heavy truck daily vehicle miles of travel on urbanized area roadways in the Marea,MI/DAY,CalculateRoadDvmt,test,"","",,None,Marea_test_2038.csv
2038,Marea,LdvFwyArtDvmt,Light-duty daily vehicle miles of travel in the urbanized portion of the Marea occurring on freeway or arterial roadways,MI/DAY,CalculateRoadDvmt,test,"","",,None,Marea_test_2038.csv
2038,Marea,LdvOthDvmt,Light-duty daily vehicle miles of travel in the urbanized portion of the Marea occurring on other roadways,MI/DAY,CalculateRoadDvmt,test,"","",,None,Marea_test_2038.csv
2038,Marea,HvyTrkFwyDvmt,Heavy truck daily vehicle miles of travel in the urbanized portion of the Marea occurring on freeways,MI/DAY,CalculateRoadDvmt,test,"","",,None,Marea_test_2038.csv
2038,Marea,HvyTrkArtDvmt,Heavy truck daily vehicle miles of travel in the urbanized portion of the Marea occurring on arterial roadways,MI/DAY,CalculateRoadDvmt,test,"","",,None,Marea_test_2038.csv
2038,Marea,HvyTrkOthDvmt,Heavy truck daily vehicle miles of travel in the urbanized portion of the Marea occurring on other roadways,MI/DAY,CalculateRoadDvmt,test,"","",,None,Marea_test_2038.csv
2038,Marea,BusFwyDvmt,Bus daily vehicle miles of travel in the urbanized portion of the Marea occurring on freeways,MI/DAY,CalculateRoadDvmt,test,"","",,None,Marea_test_2038.csv
2038,Marea,BusArtDvmt,Bus daily vehicle miles of travel in the urbanized portion of the Marea occurring on arterial roadways,MI/DAY,CalculateRoadDvmt,test,"","",,None,Marea_test_2038.csv
2038,Marea,BusOthDvmt,Bus daily vehicle miles of travel in the urbanized portion of the Marea occuring on other roadways,MI/DAY,CalculateRoadDvmt,test,"","",,None,Marea_test_2038.csv
2038,Marea,UrbanHhPropUrbanDvmt,Average proportion of urban household DVMT traveled on urban roads in the marea where the household resides,proportion,CalculateRoadDvmt,test,"","",,None,Marea_test_2038.csv
2038,Marea,NonUrbanHhPropUrbanDvmt,Average proportion of non-urban household DVMT traveled on urban roads in the marea where the household resides,proportion,CalculateRoadDvmt,test,"","",,None,Marea_test_2038.csv
2038,Marea,LdvFwyDvmt,Light-duty daily vehicle miles of travel in the urbanized portion of the Marea occurring on freeways,MI/DAY,CalculateRoadPerformance,test,"","",,None,Marea_test_2038.csv
2038,Marea,LdvArtDvmt,Light-duty daily vehicle miles of travel in the urbanized portion of the Marea occurring on arterial roadways,MI/DAY,CalculateRoadPerformance,test,"","",,None,Marea_test_2038.csv
2038,Marea,LdvAveSpeed,Average speed (miles per hour) of light-duty vehicle travel on urban area roads,MI/DAY,CalculateRoadPerformance,test,"","",,None,Marea_test_2038.csv
2038,Marea,HvyTrkAveSpeed,Average speed (miles per hour) of heavy truck travel on urban area roads,MI/DAY,CalculateRoadPerformance,test,"","",,None,Marea_test_2038.csv
2038,Marea,BusAveSpeed,Average speed (miles per hour) of bus travel on urban area roads,MI/DAY,CalculateRoadPerformance,test,"","",,None,Marea_test_2038.csv
2038,Marea,NonUrbanAveSpeed,Average speed (miles per hour) of vehicle travel on non-urban area roads,MI/DAY,CalculateRoadPerformance,test,"","",,None,Marea_test_2038.csv
2038,Marea,LdvTotDelay,Total light-duty vehicle delay (hours per day) on urban area roads,DAY,CalculateRoadPerformance,test,"","",,None,Marea_test_2038.csv
2038,Marea,HvyTrkTotDelay,Total heavy truck vehicle delay (hours per day) on urban area roads,DAY,CalculateRoadPerformance,test,"","",,None,Marea_test_2038.csv
2038,Marea,BusTotDelay,Total bus vehicle delay (hours per day) on urban area roads,DAY,CalculateRoadPerformance,test,"","",,None,Marea_test_2038.csv
2038,Marea,AveCongPrice,Average price paid (dollars per mile) in congestion fees,USD,CalculateRoadPerformance,test,"","",,None,Marea_test_2038.csv
2038,Marea,FwyDvmtPropNoneCong,Proportion of freeway DVMT occurring when there is no congestion,proportion,CalculateRoadPerformance,test,"","",,None,Marea_test_2038.csv
2038,Marea,FwyDvmtPropModCong,Proportion of freeway DVMT occurring when congestion is moderate,proportion,CalculateRoadPerformance,test,"","",,None,Marea_test_2038.csv
2038,Marea,FwyDvmtPropHvyCong,Proportion of freeway DVMT occurring when congestion is heavy,proportion,CalculateRoadPerformance,test,"","",,None,Marea_test_2038.csv
2038,Marea,FwyDvmtPropSevCong,Proportion of freeway DVMT occurring when congestion is severe,proportion,CalculateRoadPerformance,test,"","",,None,Marea_test_2038.csv
2038,Marea,FwyDvmtPropExtCong,Proportion of freeway DVMT occurring when congestion is extreme,proportion,CalculateRoadPerformance,test,"","",,None,Marea_test_2038.csv
2038,Marea,ArtDvmtPropNoneCong,Proportion of arterial DVMT occurring when there is no congestion,proportion,CalculateRoadPerformance,test,"","",,None,Marea_test_2038.csv
2038,Marea,ArtDvmtPropModCong,Proportion of arterial DVMT occurring when congestion is moderate,proportion,CalculateRoadPerformance,test,"","",,None,Marea_test_2038.csv
2038,Marea,ArtDvmtPropHvyCong,Proportion of arterial DVMT occurring when congestion is heavy,proportion,CalculateRoadPerformance,test,"","",,None,Marea_test_2038.csv
2038,Marea,ArtDvmtPropSevCong,Proportion of arterial DVMT occurring when congestion is severe,proportion,CalculateRoadPerformance,test,"","",,None,Marea_test_2038.csv
2038,Marea,ArtDvmtPropExtCong,Proportion of arterial DVMT occurring when congestion is extreme,proportion,CalculateRoadPerformance,test,"","",,None,Marea_test_2038.csv
2038,Marea,FwyNoneCongSpeed,Average freeway speed (miles per hour) when there is no congestion,MI/DAY,CalculateRoadPerformance,test,"","",,None,Marea_test_2038.csv
2038,Marea,FwyModCongSpeed,Average freeway speed (miles per hour) when congestion is moderate,MI/DAY,CalculateRoadPerformance,test,"","",,None,Marea_test_2038.csv
2038,Marea,FwyHvyCongSpeed,Average freeway speed (miles per hour) when congestion is heavy,MI/DAY,CalculateRoadPerformance,test,"","",,None,Marea_test_2038.csv
2038,Marea,FwySevCongSpeed,Average freeway speed (miles per hour) when congestion is severe,MI/DAY,CalculateRoadPerformance,test,"","",,None,Marea_test_2038.csv
2038,Marea,FwyExtCongSpeed,Average freeway speed (miles per hour) when congestion is extreme,MI/DAY,CalculateRoadPerformance,test,"","",,None,Marea_test_2038.csv
2038,Marea,ArtNoneCongSpeed,Average arterial speed (miles per hour) when there is no congestion,MI/DAY,CalculateRoadPerformance,test,"","",,None,Marea_test_2038.csv
2038,Marea,ArtModCongSpeed,Average arterial speed (miles per hour) when congestion is moderate,MI/DAY,CalculateRoadPerformance,test,"","",,None,Marea_test_2038.csv
2038,Marea,ArtHvyCongSpeed,Average arterial speed (miles per hour) when congestion is heavy,MI/DAY,CalculateRoadPerformance,test,"","",,None,Marea_test_2038.csv
2038,Marea,ArtSevCongSpeed,Average arterial speed (miles per hour) when congestion is severe,MI/DAY,CalculateRoadPerformance,test,"","",,None,Marea_test_2038.csv
2038,Marea,ArtExtCongSpeed,Average arterial speed (miles per hour) when congestion is extreme,MI/DAY,CalculateRoadPerformance,test,"","",,None,Marea_test_2038.csv
2038,Marea,OthSpd,Average speed (miles per hour) on other roadways,MI/DAY,CalculateRoadPerformance,test,"","",,None,Marea_test_2038.csv
2038,Marea,LdvSpdSmoothFactor,Proportional adjustment of light-duty internal combustion engine (ICE) vehicle MPG due to speed smoothing,proportion,CalculateMpgMpkwhAdjustments,test,"","",,None,Marea_test_2038.csv
2038,Marea,HvyTrkSpdSmoothFactor,Proportional adjustment of heavy truck internal combustion engine (ICE) vehicle MPG due to speed smoothing,proportion,CalculateMpgMpkwhAdjustments,test,"","",,None,Marea_test_2038.csv
2038,Marea,BusSpdSmoothFactor,Proportional adjustment of bus internal combustion engine (ICE) vehicle MPG due to speed smoothing,proportion,CalculateMpgMpkwhAdjustments,test,"","",,None,Marea_test_2038.csv
2038,Marea,LdvEcoDriveFactor,Proportional adjustment of light-duty internal combustion engine (ICE) vehicle MPG due to eco-driving,proportion,CalculateMpgMpkwhAdjustments,test,"","",,None,Marea_test_2038.csv
2038,Marea,HvyTrkEcoDriveFactor,Proportional adjustment of heavy truck internal combustion engine (ICE) vehicle MPG due to eco-driving,proportion,CalculateMpgMpkwhAdjustments,test,"","",,None,Marea_test_2038.csv
2038,Marea,BusEcoDriveFactor,Proportional adjustment of bus internal combustion engine (ICE) vehicle MPG due to eco-driving,proportion,CalculateMpgMpkwhAdjustments,test,"","",,None,Marea_test_2038.csv
2038,Marea,LdIceFactor,Proportional adjustment of light-duty internal combustion engine (ICE) vehicle MPG due to congestion,proportion,CalculateMpgMpkwhAdjustments,test,"","",,None,Marea_test_2038.csv
2038,Marea,LdHevFactor,Proportional adjustment of light-duty hybrid-electric vehicle (HEV) MPG due to congestion,proportion,CalculateMpgMpkwhAdjustments,test,"","",,None,Marea_test_2038.csv
2038,Marea,LdEvFactor,Proportional adjustment of light-duty battery electric vehicle (EV) MPkWh due to congestion,proportion,CalculateMpgMpkwhAdjustments,test,"","",,None,Marea_test_2038.csv
2038,Marea,LdFcvFactor,Proportional adjustment of light-duty fuel cell vehicle (FCV) MPkWh due to congestion,proportion,CalculateMpgMpkwhAdjustments,test,"","",,None,Marea_test_2038.csv
2038,Marea,HdIceFactor,Proportional adjustment of heavy-duty internal combustion engine (ICE) vehicle MPG due to congestion,proportion,CalculateMpgMpkwhAdjustments,test,"","",,None,Marea_test_2038.csv
2038,Marea,ComSvcUrbanGGE,Average daily amount of hydrocarbon fuels consumed by commercial service vehicles associated with urban household activity in gas gallon equivalents,GGE/DAY,CalculateComEnergyAndEmissions,test,"","",,None,Marea_test_2038.csv
2038,Marea,ComSvcNonUrbanGGE,Average daily amount of hydrocarbon fuels consumed by commercial service vehicles associated with rural and town household activity in gas gallon equivalents,GGE/DAY,CalculateComEnergyAndEmissions,test,"","",,None,Marea_test_2038.csv
2038,Marea,HvyTrkUrbanGGE,Average daily amount of hydrocarbon fuels consumed by heavy trucks on urbanized area roadways in the Marea in gas gallon equivalents,GGE/DAY,CalculateComEnergyAndEmissions,test,"","",,None,Marea_test_2038.csv
2038,Marea,ComSvcUrbanKWH,Average daily amount of electricity consumed by commercial service vehicles associated with urban household activity in kilowatt-hours,GGE/DAY,CalculateComEnergyAndEmissions,test,"","",,None,Marea_test_2038.csv
2038,Marea,ComSvcNonUrbanKWH,Average daily amount of electricity consumed by commercial service vehicles associated with rural and town household activity in kilowatt-hours,GGE/DAY,CalculateComEnergyAndEmissions,test,"","",,None,Marea_test_2038.csv
2038,Marea,HvyTrkUrbanKWH,Average daily amount of electricity consumed by heavy trucks on urbanized area roadways in the Marea in kilowatt-hours,GGE/DAY,CalculateComEnergyAndEmissions,test,"","",,None,Marea_test_2038.csv
2038,Marea,ComSvcUrbanCO2e,Average daily amount of carbon-dioxide equivalents produced by commercial service vehicles associated with urban household activity in grams,KG/DAY,CalculateComEnergyAndEmissions,test,"","",,None,Marea_test_2038.csv
2038,Marea,ComSvcNonUrbanCO2e,Average daily amount of carbon-dioxide equivalents produced by commercial service vehicles associated with rural and town household activity in grams,KG/DAY,CalculateComEnergyAndEmissions,test,"","",,None,Marea_test_2038.csv
2038,Marea,HvyTrkUrbanCO2e,Average daily amount of carbon-dioxide equivalents produced by heavy trucks on urbanized area roadways in the Marea in grams,KG/DAY,CalculateComEnergyAndEmissions,test,"","",,None,Marea_test_2038.csv
2038,Marea,ComSvcAveUrbanAutoCO2eRate,Average amount of carbon-dioxide equivalents produced by commercial service automobiles per mile of travel on urbanized area roadways in grams per mile,KG/MI,CalculateComEnergyAndEmissions,test,"","",,None,Marea_test_2038.csv
2038,Marea,ComSvcAveUrbanLtTrkCO2eRate,Average amount of carbon-dioxide equivalents produced by commercial service light trucks per mile of travel on urbanized area roadways in grams per mile,KG/MI,CalculateComEnergyAndEmissions,test,"","",,None,Marea_test_2038.csv
2038,Marea,HvyTrkAveUrbanCO2eRate,Average amount of carbon-dioxide equivalents produced by heavy trucks per mile of travel on urbanized area roadways in grams per mile,KG/MI,CalculateComEnergyAndEmissions,test,"","",,None,Marea_test_2038.csv
2038,Marea,BusGGE,Average daily amount of hydrocarbon fuels consumed by bus transit vehicles in urbanized area in gas gallon equivalents,GGE/DAY,CalculatePtranEnergyAndEmissions,test,"","",,None,Marea_test_2038.csv
2038,Marea,RailGGE,Average daily amount of hydrocarbon fuels consumed by rail transit vehicles in urbanized area in gas gallon equivalents,GGE/DAY,CalculatePtranEnergyAndEmissions,test,"","",,None,Marea_test_2038.csv
2038,Marea,VanGGE,Average daily amount of hydrocarbon fuels consumed by van transit vehicles in urbanized area in gas gallon equivalents,GGE/DAY,CalculatePtranEnergyAndEmissions,test,"","",,None,Marea_test_2038.csv
2038,Marea,BusKWH,Average daily amount of electricity consumed by bus transit vehicles in urbanized area in kilowatt-hours,GGE/DAY,CalculatePtranEnergyAndEmissions,test,"","",,None,Marea_test_2038.csv
2038,Marea,RailKWH,Average daily amount of electricity consumed by rail transit vehicles in urbanized area in kilowatt-hours,GGE/DAY,CalculatePtranEnergyAndEmissions,test,"","",,None,Marea_test_2038.csv
2038,Marea,VanKWH,Average daily amount of electricity consumed by van transit vehicles in urbanized area in kilowatt-hours,GGE/DAY,CalculatePtranEnergyAndEmissions,test,"","",,None,Marea_test_2038.csv
2038,Marea,BusCO2e,Average daily amount of carbon-dioxide equivalents produced by bus transit vehicles in urbanized area in grams,KG/DAY,CalculatePtranEnergyAndEmissions,test,"","",,None,Marea_test_2038.csv
2038,Marea,RailCO2e,Average daily amount of carbon-dioxide equivalents produced by rail transit vehicles in urbanized area in grams,KG/DAY,CalculatePtranEnergyAndEmissions,test,"","",,None,Marea_test_2038.csv
2038,Marea,VanCO2e,Average daily amount of carbon-dioxide equivalents produced by van transit vehicles in urbanized area in grams,KG/DAY,CalculatePtranEnergyAndEmissions,test,"","",,None,Marea_test_2038.csv
2038,Marea,BusCO2eRate,Average amount of carbon-dioxide equivalents produced by bus transit vehicles per mile of travel in urbanized area in grams per mile,KG/MI,CalculatePtranEnergyAndEmissions,test,"","",,None,Marea_test_2038.csv
2038,Marea,RailCO2eRate,Average amount of carbon-dioxide equivalents produced by rail transit vehicles per mile of travel in urbanized area in grams per mile,KG/MI,CalculatePtranEnergyAndEmissions,test,"","",,None,Marea_test_2038.csv
2038,Marea,VanCO2eRate,Average amount of carbon-dioxide equivalents produced by van transit vehicles per mile of travel in urbanized area in grams per mile,KG/MI,CalculatePtranEnergyAndEmissions,test,"","",,None,Marea_test_2038.csv
2038,Marea,Global,Global group indicator,"","",test,"","","","",Marea_test_2038.csv
2038,Marea,Year,Year group indicator,"","",test,"","","","",Marea_test_2038.csv
2038,Marea,Scenario,Scenario group indicator,"","",test,"","","","",Marea_test_2038.csv
2038,Region,DrvPerPrsn15to19,Target ratio of drivers to persons in the 15 to 19 years old age group,NA/,AssignDrivers,test,region_hh_ave_driver_per_capita.csv,C:/Github/RSG_VEdev/VisionEval-Dev/built/development/4.3.2/runtime/models/test/inputs,,None,Region_test_2038.csv
2038,Region,DrvPerPrsn20to29,Target ratio of drivers to persons in the 20 to 29 years old age group,NA/,AssignDrivers,test,region_hh_ave_driver_per_capita.csv,C:/Github/RSG_VEdev/VisionEval-Dev/built/development/4.3.2/runtime/models/test/inputs,,None,Region_test_2038.csv
2038,Region,DrvPerPrsn30to54,Target ratio of drivers to persons in the 30 to 54 years old age group,NA/,AssignDrivers,test,region_hh_ave_driver_per_capita.csv,C:/Github/RSG_VEdev/VisionEval-Dev/built/development/4.3.2/runtime/models/test/inputs,,None,Region_test_2038.csv
2038,Region,DrvPerPrsn55to64,Target ratio of drivers to persons in the 55 to 64 years old age group,NA/,AssignDrivers,test,region_hh_ave_driver_per_capita.csv,C:/Github/RSG_VEdev/VisionEval-Dev/built/development/4.3.2/runtime/models/test/inputs,,None,Region_test_2038.csv
2038,Region,DrvPerPrsn65Plus,Target ratio of drivers to persons in the 65 or older age group,NA/,AssignDrivers,test,region_hh_ave_driver_per_capita.csv,C:/Github/RSG_VEdev/VisionEval-Dev/built/development/4.3.2/runtime/models/test/inputs,,None,Region_test_2038.csv
2038,Region,HhFuelCI,Average carbon intensity of fuels used by household vehicles (grams CO2e per megajoule),KG/GGE,Initialize,test,region_ave_fuel_carbon_intensity.csv,C:/Github/RSG_VEdev/VisionEval-Dev/built/development/4.3.2/runtime/models/test/inputs,,None,Region_test_2038.csv
2038,Region,CarSvcFuelCI,Average carbon intensity of fuels used by car service vehicles (grams CO2e per megajoule),KG/GGE,Initialize,test,region_ave_fuel_carbon_intensity.csv,C:/Github/RSG_VEdev/VisionEval-Dev/built/development/4.3.2/runtime/models/test/inputs,,None,Region_test_2038.csv
2038,Region,ComSvcFuelCI,Average carbon intensity of fuels used by commercial service vehicles (grams CO2e per megajoule),KG/GGE,Initialize,test,region_ave_fuel_carbon_intensity.csv,C:/Github/RSG_VEdev/VisionEval-Dev/built/development/4.3.2/runtime/models/test/inputs,,None,Region_test_2038.csv
2038,Region,HvyTrkFuelCI,Average carbon intensity of fuels used by heavy trucks (grams CO2e per megajoule),KG/GGE,Initialize,test,region_ave_fuel_carbon_intensity.csv,C:/Github/RSG_VEdev/VisionEval-Dev/built/development/4.3.2/runtime/models/test/inputs,,None,Region_test_2038.csv
2038,Region,TransitVanFuelCI,Average carbon intensity of fuels used by transit vans (grams CO2e per megajoule),KG/GGE,Initialize,test,region_ave_fuel_carbon_intensity.csv,C:/Github/RSG_VEdev/VisionEval-Dev/built/development/4.3.2/runtime/models/test/inputs,,None,Region_test_2038.csv
2038,Region,TransitBusFuelCI,Average carbon intensity of fuels used by transit buses (grams CO2e per megajoule),KG/GGE,Initialize,test,region_ave_fuel_carbon_intensity.csv,C:/Github/RSG_VEdev/VisionEval-Dev/built/development/4.3.2/runtime/models/test/inputs,,None,Region_test_2038.csv
2038,Region,TransitRailFuelCI,Average carbon intensity of fuels used by transit rail vehicles (grams CO2e per megajoule),KG/GGE,Initialize,test,region_ave_fuel_carbon_intensity.csv,C:/Github/RSG_VEdev/VisionEval-Dev/built/development/4.3.2/runtime/models/test/inputs,,None,Region_test_2038.csv
2038,Region,CarSvcAutoPropIcev,Proportion of car service automobile travel powered by internal combustion engine powertrains,proportion,Initialize,test,region_carsvc_powertrain_prop.csv,C:/Github/RSG_VEdev/VisionEval-Dev/built/development/4.3.2/runtime/models/test/inputs,,None,Region_test_2038.csv
2038,Region,CarSvcAutoPropHev,Proportion of car service automobile travel powered by hybrid electric powertrains,proportion,Initialize,test,region_carsvc_powertrain_prop.csv,C:/Github/RSG_VEdev/VisionEval-Dev/built/development/4.3.2/runtime/models/test/inputs,,None,Region_test_2038.csv
2038,Region,CarSvcAutoPropBev,Proportion of car service automobile travel powered by battery electric powertrains,proportion,Initialize,test,region_carsvc_powertrain_prop.csv,C:/Github/RSG_VEdev/VisionEval-Dev/built/development/4.3.2/runtime/models/test/inputs,,None,Region_test_2038.csv
2038,Region,CarSvcLtTrkPropIcev,Proportion of car service light truck travel powered by internal combustion engine powertrains,proportion,Initialize,test,region_carsvc_powertrain_prop.csv,C:/Github/RSG_VEdev/VisionEval-Dev/built/development/4.3.2/runtime/models/test/inputs,,None,Region_test_2038.csv
2038,Region,CarSvcLtTrkPropHev,Proportion of car service light truck travel powered by hybrid electric powertrains,proportion,Initialize,test,region_carsvc_powertrain_prop.csv,C:/Github/RSG_VEdev/VisionEval-Dev/built/development/4.3.2/runtime/models/test/inputs,,None,Region_test_2038.csv
2038,Region,CarSvcLtTrkPropBev,Proportion of car service light truck travel powered by battery electric powertrains,proportion,Initialize,test,region_carsvc_powertrain_prop.csv,C:/Github/RSG_VEdev/VisionEval-Dev/built/development/4.3.2/runtime/models/test/inputs,,None,Region_test_2038.csv
2038,Region,ComSvcAutoPropIcev,Proportion of commercial service automobile travel powered by internal combustion engine powertrains,proportion,Initialize,test,region_comsvc_powertrain_prop.csv,C:/Github/RSG_VEdev/VisionEval-Dev/built/development/4.3.2/runtime/models/test/inputs,,None,Region_test_2038.csv
2038,Region,ComSvcAutoPropHev,Proportion of commercial service automobile travel powered by hybrid electric powertrains,proportion,Initialize,test,region_comsvc_powertrain_prop.csv,C:/Github/RSG_VEdev/VisionEval-Dev/built/development/4.3.2/runtime/models/test/inputs,,None,Region_test_2038.csv
2038,Region,ComSvcAutoPropBev,Proportion of commercial service automobile travel powered by battery electric powertrains,proportion,Initialize,test,region_comsvc_powertrain_prop.csv,C:/Github/RSG_VEdev/VisionEval-Dev/built/development/4.3.2/runtime/models/test/inputs,,None,Region_test_2038.csv
2038,Region,ComSvcLtTrkPropIcev,Proportion of commercial service light truck travel powered by internal combustion engine powertrains,proportion,Initialize,test,region_comsvc_powertrain_prop.csv,C:/Github/RSG_VEdev/VisionEval-Dev/built/development/4.3.2/runtime/models/test/inputs,,None,Region_test_2038.csv
2038,Region,ComSvcLtTrkPropHev,Proportion of commercial service light truck travel powered by hybrid electric powertrains,proportion,Initialize,test,region_comsvc_powertrain_prop.csv,C:/Github/RSG_VEdev/VisionEval-Dev/built/development/4.3.2/runtime/models/test/inputs,,None,Region_test_2038.csv
2038,Region,ComSvcLtTrkPropBev,Proportion of commercial service light truck travel powered by battery electric powertrains,proportion,Initialize,test,region_comsvc_powertrain_prop.csv,C:/Github/RSG_VEdev/VisionEval-Dev/built/development/4.3.2/runtime/models/test/inputs,,None,Region_test_2038.csv
2038,Region,HvyTrkPropIcev,Proportion of heavy truck travel powered by internal combustion engine powertrains,proportion,Initialize,test,region_hvytrk_powertrain_prop.csv,C:/Github/RSG_VEdev/VisionEval-Dev/built/development/4.3.2/runtime/models/test/inputs,,None,Region_test_2038.csv
2038,Region,HvyTrkPropHev,Proportion of heavy truck travel powered by hybrid electric powertrains,proportion,Initialize,test,region_hvytrk_powertrain_prop.csv,C:/Github/RSG_VEdev/VisionEval-Dev/built/development/4.3.2/runtime/models/test/inputs,,None,Region_test_2038.csv
2038,Region,HvyTrkPropBev,Proportion of heavy truck travel powered by battery electric powertrains,proportion,Initialize,test,region_hvytrk_powertrain_prop.csv,C:/Github/RSG_VEdev/VisionEval-Dev/built/development/4.3.2/runtime/models/test/inputs,,None,Region_test_2038.csv
2038,Region,PropClimateCostPaid,Proportion of climate change costs paid by users (i.e. ratio of carbon taxes to climate change costs),proportion,CalculateVehicleOperatingCost,test,region_prop_externalities_paid.csv,C:/Github/RSG_VEdev/VisionEval-Dev/built/development/4.3.2/runtime/models/test/inputs,,None,Region_test_2038.csv
2038,Region,PropOtherExtCostPaid,Proportion of other social costs paid by users,proportion,CalculateVehicleOperatingCost,test,region_prop_externalities_paid.csv,C:/Github/RSG_VEdev/VisionEval-Dev/built/development/4.3.2/runtime/models/test/inputs,,None,Region_test_2038.csv
2038,Region,CO2eCost,Environmental and social cost of CO2e emissions per metric ton,USD,CalculateVehicleOperatingCost,test,region_co2e_costs.csv,C:/Github/RSG_VEdev/VisionEval-Dev/built/development/4.3.2/runtime/models/test/inputs,,None,Region_test_2038.csv
2038,Region,RoadBaseModCost,Average base modernization cost per light-duty vehicle mile traveled (dollars per vehicle mile). Base modernization includes roadway improvements exclusive of addition of lanes.,USD,BalanceRoadCostsAndRevenues,test,region_road_cost.csv,C:/Github/RSG_VEdev/VisionEval-Dev/built/development/4.3.2/runtime/models/test/inputs,,None,Region_test_2038.csv
2038,Region,RoadPresOpMaintCost,"Average road preservation, operations, and maintenance cost per light-duty vehicle mile traveled (dollars per vehicle mile).",USD,BalanceRoadCostsAndRevenues,test,region_road_cost.csv,C:/Github/RSG_VEdev/VisionEval-Dev/built/development/4.3.2/runtime/models/test/inputs,,None,Region_test_2038.csv
2038,Region,RoadOtherCost,"Average other road cost (e.g. administration, planning, project development, safety) per light-duty vehicle mile traveled (dollars per vehicle mile).",USD,BalanceRoadCostsAndRevenues,test,region_road_cost.csv,C:/Github/RSG_VEdev/VisionEval-Dev/built/development/4.3.2/runtime/models/test/inputs,,None,Region_test_2038.csv
2038,Region,FwyLnMiCost,Average cost to build one freeway lane-mile (dollars per lane-mile),USD,BalanceRoadCostsAndRevenues,test,region_road_cost.csv,C:/Github/RSG_VEdev/VisionEval-Dev/built/development/4.3.2/runtime/models/test/inputs,,None,Region_test_2038.csv
2038,Region,ArtLnMiCost,Average cost to build one arterial lane-mile (dollars per lane-mile),USD,BalanceRoadCostsAndRevenues,test,region_road_cost.csv,C:/Github/RSG_VEdev/VisionEval-Dev/built/development/4.3.2/runtime/models/test/inputs,,None,Region_test_2038.csv
2038,Region,HvyTrkPCE,Passenger car equivalent (PCE) for heavy trucks. PCE indicates the number of light-duty vehicles a heavy truck is equivalent to in calculating road capacity.,ratio,BalanceRoadCostsAndRevenues,test,region_road_cost.csv,C:/Github/RSG_VEdev/VisionEval-Dev/built/development/4.3.2/runtime/models/test/inputs,,None,Region_test_2038.csv
2038,Region,ComSvcLtTrkProp,Regional proportion of commercial service vehicles that are light trucks,proportion,CalculateComEnergyAndEmissions,test,region_comsvc_lttrk_prop.csv,C:/Github/RSG_VEdev/VisionEval-Dev/built/development/4.3.2/runtime/models/test/inputs,,None,Region_test_2038.csv
2038,Region,AveComSvcVehicleAge,Average age of commercial service vehicles,DAY,CalculateComEnergyAndEmissions,test,region_comsvc_veh_mean_age.csv,C:/Github/RSG_VEdev/VisionEval-Dev/built/development/4.3.2/runtime/models/test/inputs,,None,Region_test_2038.csv
2038,Region,HhAutoFuelCI,Average carbon intensity of fuels used by household automobiles (grams CO2e per megajoule),KG/GGE,CalculateCarbonIntensity,test,"","",,None,Region_test_2038.csv
2038,Region,HhLtTrkFuelCI,Average carbon intensity of fuels used by household light trucks (grams CO2e per megajoule),KG/GGE,CalculateCarbonIntensity,test,"","",,None,Region_test_2038.csv
2038,Region,CarSvcAutoFuelCI,Average carbon intensity of fuels used by car service automobiles (grams CO2e per megajoule),KG/GGE,CalculateCarbonIntensity,test,"","",,None,Region_test_2038.csv
2038,Region,CarSvcLtTrkFuelCI,Average carbon intensity of fuels used by car service light trucks (grams CO2e per megajoule),KG/GGE,CalculateCarbonIntensity,test,"","",,None,Region_test_2038.csv
2038,Region,ComSvcAutoFuelCI,Average carbon intensity of fuels used by commercial service automobiles (grams CO2e per megajoule),KG/GGE,CalculateCarbonIntensity,test,"","",,None,Region_test_2038.csv
2038,Region,ComSvcLtTrkFuelCI,Average carbon intensity of fuels used by commercial service light trucks (grams CO2e per megajoule),KG/GGE,CalculateCarbonIntensity,test,"","",,None,Region_test_2038.csv
2038,Region,HvyTrkUrbanDvmt,Region heavy truck daily vehicle miles of travel in urbanized areas,MI/DAY,CalculateRoadDvmt,test,"","",,None,Region_test_2038.csv
2038,Region,HvyTrkNonUrbanDvmt,Region heavy truck daily vehicle miles of travel outside of urbanized areas (i.e. in town or rural areas),MI/DAY,CalculateRoadDvmt,test,"","",,None,Region_test_2038.csv
2038,Region,LdvEcoDriveFactor,Proportional adjustment of light-duty internal combustion engine (ICE) vehicle MPG due to eco-driving in uncongested conditions,proportion,CalculateMpgMpkwhAdjustments,test,"","",,None,Region_test_2038.csv
2038,Region,HvyTrkEcoDriveFactor,Proportional adjustment of heavy truck internal combustion engine (ICE) vehicle MPG due to eco-driving in uncongested conditions,proportion,CalculateMpgMpkwhAdjustments,test,"","",,None,Region_test_2038.csv
2038,Region,BusEcoDriveFactor,Proportional adjustment of bus internal combustion engine (ICE) vehicle MPG due to eco-driving in uncongested conditions,proportion,CalculateMpgMpkwhAdjustments,test,"","",,None,Region_test_2038.csv
2038,Region,LdIceFactor,Proportional adjustment of light-duty internal combustion engine (ICE) vehicle MPG in uncongested conditions,proportion,CalculateMpgMpkwhAdjustments,test,"","",,None,Region_test_2038.csv
2038,Region,LdHevFactor,Proportional adjustment of light-duty hybrid-electric vehicle (HEV) MPG in uncongested conditions,proportion,CalculateMpgMpkwhAdjustments,test,"","",,None,Region_test_2038.csv
2038,Region,LdEvFactor,Proportional adjustment of light-duty battery electric vehicle (EV) MPkWh in uncongested conditions,proportion,CalculateMpgMpkwhAdjustments,test,"","",,None,Region_test_2038.csv
2038,Region,LdFcvFactor,Proportional adjustment of light-duty fuel cell vehicle (FCV) MPkWh in uncongested conditions,proportion,CalculateMpgMpkwhAdjustments,test,"","",,None,Region_test_2038.csv
2038,Region,HdIceFactor,Proportional adjustment of heavy-duty internal combustion engine (ICE) vehicle MPG in uncongested conditions,proportion,CalculateMpgMpkwhAdjustments,test,"","",,None,Region_test_2038.csv
2038,Region,ExtraVmtTax,Added vehicle mile tax for household vehicle use to pay for any deficit between road costs and road revenues (dollars per vehicle mile),USD,BalanceRoadCostsAndRevenues,test,"","",,None,Region_test_2038.csv
2038,Region,HvyTrkNonUrbanGGE,Average daily amount of hydrocarbon fuels consumed by heavy trucks on rural and town roadways in the Region in gas gallon equivalents,GGE/DAY,CalculateComEnergyAndEmissions,test,"","",,None,Region_test_2038.csv
2038,Region,HvyTrkUrbanGGE,Average daily amount of hydrocarbon fuels consumed by heavy trucks on urbanized area roadways in the Region in gas gallon equivalents,GGE/DAY,CalculateComEnergyAndEmissions,test,"","",,None,Region_test_2038.csv
2038,Region,HvyTrkNonUrbanKWH,Average daily amount of electricity consumed by heavy trucks on rural and town roadways in the Region in kilowatt-hours,GGE/DAY,CalculateComEnergyAndEmissions,test,"","",,None,Region_test_2038.csv
2038,Region,HvyTrkUrbanKWH,Average daily amount of electricity consumed by heavy trucks on urbanized area roadways in the Region in kilowatt-hours,GGE/DAY,CalculateComEnergyAndEmissions,test,"","",,None,Region_test_2038.csv
2038,Region,HvyTrkNonUrbanCO2e,Average daily amount of carbon-dioxide equivalents produced by heavy trucks on rural and town roadways in the Region in grams,KG/DAY,CalculateComEnergyAndEmissions,test,"","",,None,Region_test_2038.csv
2038,Region,HvyTrkUrbanCO2e,Average daily amount of carbon-dioxide equivalents produced by heavy trucks on urbanized area roadways in the Region in grams,KG/DAY,CalculateComEnergyAndEmissions,test,"","",,None,Region_test_2038.csv
2038,Region,Global,Global group indicator,"","",test,"","","","",Region_test_2038.csv
2038,Region,Year,Year group indicator,"","",test,"","","","",Region_test_2038.csv
2038,Region,Scenario,Scenario group indicator,"","",test,"","","","",Region_test_2038.csv
2038,Household,HhId,Unique household ID,ID,CreateHouseholds,test,"","",,None,Household_test_2038.csv
2038,Household,Azone,Azone ID,ID,CreateHouseholds,test,"","",,None,Household_test_2038.csv
2038,Household,Marea,Marea ID,ID,CreateHouseholds,test,"","",,None,Household_test_2038.csv
2038,Household,HhSize,Number of persons,PRSN,CreateHouseholds,test,"","",,None,Household_test_2038.csv
2038,Household,Age0to14,Persons in 0 to 14 year old age group,PRSN,CreateHouseholds,test,"","",,None,Household_test_2038.csv
2038,Household,Age15to19,Persons in 15 to 19 year old age group,PRSN,CreateHouseholds,test,"","",,None,Household_test_2038.csv
2038,Household,Age20to29,Persons in 20 to 29 year old age group,PRSN,CreateHouseholds,test,"","",,None,Household_test_2038.csv
2038,Household,Age30to54,Persons in 30 to 54 year old age group,PRSN,CreateHouseholds,test,"","",,None,Household_test_2038.csv
2038,Household,Age55to64,Persons in 55 to 64 year old age group,PRSN,CreateHouseholds,test,"","",,None,Household_test_2038.csv
2038,Household,Age65Plus,Persons in 65 or older age group,PRSN,CreateHouseholds,test,"","",,None,Household_test_2038.csv
2038,Household,HhType,Coded household age composition (e.g. 2-1-0-2-0-0) or Grp for group quarters,category,CreateHouseholds,test,"","",,None,Household_test_2038.csv
2038,Household,Wkr15to19,Workers in 15 to 19 year old age group,PRSN,PredictWorkers,test,"","",,None,Household_test_2038.csv
2038,Household,Wkr20to29,Workers in 20 to 29 year old age group,PRSN,PredictWorkers,test,"","",,None,Household_test_2038.csv
2038,Household,Wkr30to54,Workers in 30 to 54 year old age group,PRSN,PredictWorkers,test,"","",,None,Household_test_2038.csv
2038,Household,Wkr55to64,Workers in 55 to 64 year old age group,PRSN,PredictWorkers,test,"","",,None,Household_test_2038.csv
2038,Household,Wkr65Plus,Workers in 65 or older age group,PRSN,PredictWorkers,test,"","",,None,Household_test_2038.csv
2038,Household,Workers,Total workers,PRSN,PredictWorkers,test,"","",,None,Household_test_2038.csv
2038,Household,LifeCycle,Household life cycle as defined by 2009 NHTS LIF_CYC variable,category,AssignLifeCycle,test,"","",,None,Household_test_2038.csv
2038,Household,Income,Total annual household (non-qroup & group quarters) income,USD,PredictIncome,test,"","",,None,Household_test_2038.csv
2038,Household,HouseType,"Type of dwelling unit in which the household resides (SF = single family, MF = multi-family, GQ = group quarters",category,PredictHousing,test,"","",,None,Household_test_2038.csv
2038,Household,Bzone,ID of Bzone in which household resides,ID,PredictHousing,test,"","",,None,Household_test_2038.csv
2038,Household,LocType,"Location type (Urban, Town, Rural) of the place where the household resides",category,AssignLocTypes,test,"","",,None,Household_test_2038.csv
2038,Household,IsUrbanMixNbrhd,Flag identifying whether household is (1) or is not (0) in urban mixed-use neighborhood,binary,CalculateUrbanMixMeasure,test,"","",,None,Household_test_2038.csv
2038,Household,FreeParkingSpaces,Number of free parking spaces available to the household,parking spaces,AssignParkingRestrictions,test,"","",,None,Household_test_2038.csv
2038,Household,ParkingUnitCost,Daily cost for long-term parking (e.g. paid on monthly basis),USD,AssignParkingRestrictions,test,"","",,None,Household_test_2038.csv
2038,Household,OtherParkingCost,Daily cost for parking at shopping locations or other locations of paid parking not including work (not adjusted for number of vehicle trips),USD,AssignParkingRestrictions,test,"","",,None,Household_test_2038.csv
2038,Household,IsIMP,"Identifies whether household is participant in travel demand management individualized marketing program (IMP): 1 = yes, 0 = no",binary,AssignDemandManagement,test,"","",,None,Household_test_2038.csv
2038,Household,PropTdmDvmtReduction,Proportional reduction in household DVMT due to participation in travel demand management programs,proportion,AssignDemandManagement,test,"","",,None,Household_test_2038.csv
2038,Household,CarSvcLevel,Level of car service availability. High means access is competitive with household owned car. Low is not competitive.,category,AssignCarSvcAvailability,test,"","",,None,Household_test_2038.csv
2038,Household,Drv15to19,Number of drivers 15 to 19 years old,PRSN,AssignDrivers,test,"","",,None,Household_test_2038.csv
2038,Household,Drv20to29,Number of drivers 20 to 29 years old,PRSN,AssignDrivers,test,"","",,None,Household_test_2038.csv
2038,Household,Drv30to54,Number of drivers 30 to 54 years old,PRSN,AssignDrivers,test,"","",,None,Household_test_2038.csv
2038,Household,Drv55to64,Number of drivers 55 to 64 years old,PRSN,AssignDrivers,test,"","",,None,Household_test_2038.csv
2038,Household,Drv65Plus,Number of drivers 65 or older,PRSN,AssignDrivers,test,"","",,None,Household_test_2038.csv
2038,Household,Drivers,Number of drivers in household,PRSN,AssignDrivers,test,"","",,None,Household_test_2038.csv
2038,Household,DrvAgePersons,Number of people 15 year old or older in the household,PRSN,AssignDrivers,test,"","",,None,Household_test_2038.csv
2038,Household,Vehicles,Number of automobiles and light trucks owned or leased by the household including high level car service vehicles available to driving-age persons,VEH,AssignVehicleOwnership,test,"","",,None,Household_test_2038.csv
2038,Household,NumLtTrk,"Number of light trucks (pickup, sport-utility vehicle, and van) owned or leased by household",VEH,AssignVehicleType,test,"","",,None,Household_test_2038.csv
2038,Household,NumAuto,Number of automobiles (i.e. 4-tire passenger vehicles that are not light trucks) owned or leased by household,VEH,AssignVehicleType,test,"","",,None,Household_test_2038.csv
2038,Household,HasPaydIns,"Identifies whether household has pay-as-you-drive insurance for vehicles: 1 = Yes, 0 = no",binary,CalculateVehicleOwnCost,test,"","",,None,Household_test_2038.csv
2038,Household,OwnCostSavings,"Annual vehicle ownership cost (depreciation, finance, insurance, taxes) savings in dollars resulting from substituting the use of car services for a household vehicle",USD,AdjustVehicleOwnership,test,"","",,None,Household_test_2038.csv
2038,Household,OwnCost,"Annual household vehicle ownership cost (depreciation, finance, insurance, taxes) savings in dollars",USD,AdjustVehicleOwnership,test,"","",,None,Household_test_2038.csv
2038,Household,NumHighCarSvc,Number of high level service car service vehicles available to the household (difference between number of vehicles owned by the household and number of driving age persons for households having availability of high level car services,VEH,AdjustVehicleOwnership,test,"","",,None,Household_test_2038.csv
2038,Household,Dvmt,Average daily vehicle miles traveled by the household in autos or light trucks,MI/DAY,CalculateHouseholdDvmt,test,"","",,None,Household_test_2038.csv
2038,Household,WalkTrips,Average number of walk trips per year by household members,TRIP/DAY,CalculateAltModeTrips,test,"","",,None,Household_test_2038.csv
2038,Household,BikeTrips,Average number of bicycle trips per year by household members,TRIP/DAY,CalculateAltModeTrips,test,"","",,None,Household_test_2038.csv
2038,Household,TransitTrips,Average number of public transit trips per year by household members,TRIP/DAY,CalculateAltModeTrips,test,"","",,None,Household_test_2038.csv
2038,Household,VehicleTrips,Average number of vehicle trips per day by household members,TRIP/DAY,CalculateVehicleTrips,test,"","",,None,Household_test_2038.csv
2038,Household,AveVehTripLen,Average household vehicle trip length in miles,MI,CalculateVehicleTrips,test,"","",,None,Household_test_2038.csv
2038,Household,PropDvmtDiverted,"Proportion of household DVMT diverted to bicycling, electric bikes, or other 'low-speed' travel modes",proportion,DivertSovTravel,test,"","",,None,Household_test_2038.csv
2038,Household,AveTrpLenDiverted,"Average length in miles of vehicle trips diverted to bicycling, electric bikes, or other 'low-speed' travel modes",MI,DivertSovTravel,test,"","",,None,Household_test_2038.csv
2038,Household,SovDvmtProp,Proportion of household DVMT in single-occupant vehicle trips,proportion,DivertSovTravel,test,"","",,None,Household_test_2038.csv
2038,Household,UrbanDvmtProp,Proportion of household DVMT traveled on urban roads in the marea where the household resides,proportion,CalculateRoadDvmt,test,"","",,None,Household_test_2038.csv
2038,Household,IsEcoDrive,Flag identifying whether drivers in household are eco-drivers,binary,AdjustHhVehicleMpgMpkwh,test,"","",,None,Household_test_2038.csv
2038,Household,AveVehCostPM,Average out-of-pocket cost in dollars per mile of vehicle travel,USD,CalculateVehicleOperatingCost,test,"","",,None,Household_test_2038.csv
2038,Household,AveSocEnvCostPM,Average cost in dollars of the social and environmental impacts per mile of vehicle travel,USD,CalculateVehicleOperatingCost,test,"","",,None,Household_test_2038.csv
2038,Household,AveRoadUseTaxPM,Average road use taxes in dollars collected per mile of vehicle travel,USD,CalculateVehicleOperatingCost,test,"","",,None,Household_test_2038.csv
2038,Household,AveGPM,Average gasoline equivalent gallons per mile of household vehicle travel,GGE/MI,CalculateVehicleOperatingCost,test,"","",,None,Household_test_2038.csv
2038,Household,AveKWHPM,Average kilowatt-hours per mile of household vehicle travel,GGE/MI,CalculateVehicleOperatingCost,test,"","",,None,Household_test_2038.csv
2038,Household,AveCO2ePM,Average grams of carbon-dioxide equivalents produced per mile of household vehicle travel,KG/MI,CalculateVehicleOperatingCost,test,"","",,None,Household_test_2038.csv
2038,Household,DailyGGE,Gasoline equivalent gallons consumed per day by household vehicle travel,GGE/DAY,BudgetHouseholdDvmt,test,"","",,None,Household_test_2038.csv
2038,Household,DailyKWH,Kilowatt-hours consumed per day by household vehicle travel,GGE/DAY,BudgetHouseholdDvmt,test,"","",,None,Household_test_2038.csv
2038,Household,DailyCO2e,Grams of carbon-dioxide equivalents produced per day by household vehicle travel,KG/DAY,BudgetHouseholdDvmt,test,"","",,None,Household_test_2038.csv
2038,Household,Global,Global group indicator,"","",test,"","","","",Household_test_2038.csv
2038,Household,Year,Year group indicator,"","",test,"","","","",Household_test_2038.csv
2038,Household,Scenario,Scenario group indicator,"","",test,"","","","",Household_test_2038.csv
2038,Worker,HhId,Unique household ID,ID,LocateEmployment,test,"","",,None,Worker_test_2038.csv
2038,Worker,WkrId,Unique worker ID,ID,LocateEmployment,test,"","",,None,Worker_test_2038.csv
2038,Worker,Bzone,Bzone ID of worker job location,ID,LocateEmployment,test,"","",,None,Worker_test_2038.csv
2038,Worker,Azone,Azone ID of worker job location,ID,LocateEmployment,test,"","",,None,Worker_test_2038.csv
2038,Worker,Marea,Marea ID of worker job location,ID,LocateEmployment,test,"","",,None,Worker_test_2038.csv
2038,Worker,DistanceToWork,Distance from home to work assuming location at Bzone centroid and 'Manhattan' distance,MI,LocateEmployment,test,"","",,None,Worker_test_2038.csv
2038,Worker,PaysForParking,"Does worker pay for parking: 1 = yes, 0 = no",binary,AssignParkingRestrictions,test,"","",,None,Worker_test_2038.csv
2038,Worker,IsCashOut,"Is worker paid parking in cash-out-buy-back program: 1 = yes, 0 = no",binary,AssignParkingRestrictions,test,"","",,None,Worker_test_2038.csv
2038,Worker,ParkingCost,Daily cost for long-term parking (e.g. paid on monthly basis),USD,AssignParkingRestrictions,test,"","",,None,Worker_test_2038.csv
2038,Worker,IsECO,"Identifies whether worker is a participant in travel demand management employee commute options program: 1 = yes, 0 = no",binary,AssignDemandManagement,test,"","",,None,Worker_test_2038.csv
2038,Worker,Global,Global group indicator,"","",test,"","","","",Worker_test_2038.csv
2038,Worker,Year,Year group indicator,"","",test,"","","","",Worker_test_2038.csv
2038,Worker,Scenario,Scenario group indicator,"","",test,"","","","",Worker_test_2038.csv
2038,Vehicle,HhId,Unique household ID,ID,CreateVehicleTable,test,"","",,None,Vehicle_test_2038.csv
2038,Vehicle,VehId,Unique vehicle ID,ID,CreateVehicleTable,test,"","",,None,Vehicle_test_2038.csv
2038,Vehicle,Azone,Azone ID,ID,CreateVehicleTable,test,"","",,None,Vehicle_test_2038.csv
2038,Vehicle,Marea,Marea ID,ID,CreateVehicleTable,test,"","",,None,Vehicle_test_2038.csv
2038,Vehicle,VehicleAccess,"Identifier whether vehicle is owned by household (Own), if vehicle is low level car service (LowCarSvc), or if vehicle is high level car service (HighCarSvc)",category,CreateVehicleTable,test,"","",,None,Vehicle_test_2038.csv
2038,Vehicle,Type,"Vehicle body type: Auto = automobile, LtTrk = light trucks (i.e. pickup, SUV, Van)",category,CreateVehicleTable,test,"","",,None,Vehicle_test_2038.csv
2038,Vehicle,Age,Vehicle age in years,DAY,AssignVehicleAge,test,"","",,None,Vehicle_test_2038.csv
2038,Vehicle,OwnCost,"Annual cost of vehicle ownership including depreciation, financing, insurance, taxes, and residential parking in dollars",USD,CalculateVehicleOwnCost,test,"","",,None,Vehicle_test_2038.csv
2038,Vehicle,OwnCostPerMile,Annual cost of vehicle ownership per mile of vehicle travel (dollars per mile),USD,CalculateVehicleOwnCost,test,"","",,None,Vehicle_test_2038.csv
2038,Vehicle,InsCost,Annual vehicle insurance cost in dollars,USD,CalculateVehicleOwnCost,test,"","",,None,Vehicle_test_2038.csv
2038,Vehicle,SwitchToCarSvc,Identifies whether a vehicle was switched from owned to car service,binary,AdjustVehicleOwnership,test,"","",,None,Vehicle_test_2038.csv
2038,Vehicle,Powertrain,"Vehicle powertrain type: ICEV = internal combustion engine vehicle, HEV = hybrid electric vehicle, PHEV = plug-in hybrid electric vehicle, BEV = battery electric vehicle, NA = not applicable because is a car service vehicle",category,AssignHhVehiclePowertrain,test,"","",,None,Vehicle_test_2038.csv
2038,Vehicle,BatRng,Miles of travel possible on fully charged battery,MI,AssignHhVehiclePowertrain,test,"","",,None,Vehicle_test_2038.csv
2038,Vehicle,MPG,Average miles of vehicle travel powered by fuel per gasoline equivalent gallon,MI/GGE,AssignHhVehiclePowertrain,test,"","",,None,Vehicle_test_2038.csv
2038,Vehicle,GPM,Average gasoline equivalent gallons per mile of vehicle travel powered by fuel,GGE/MI,AssignHhVehiclePowertrain,test,"","",,None,Vehicle_test_2038.csv
2038,Vehicle,MPKWH,Average miles of vehicle travel powered by electricity per kilowatt-hour,MI/GGE,AssignHhVehiclePowertrain,test,"","",,None,Vehicle_test_2038.csv
2038,Vehicle,KWHPM,Average kilowatt-hours per mile of vehicle travel powered by electricity,GGE/MI,AssignHhVehiclePowertrain,test,"","",,None,Vehicle_test_2038.csv
2038,Vehicle,MPGe,Average miles of vehicle travel per gasoline equivalent gallon (fuel and electric powered),MI/GGE,AssignHhVehiclePowertrain,test,"","",,None,Vehicle_test_2038.csv
2038,Vehicle,ElecDvmtProp,Proportion of DVMT powered by electricity,proportion,AssignHhVehiclePowertrain,test,"","",,None,Vehicle_test_2038.csv
2038,Vehicle,FuelCO2ePM,Average grams of carbon-dioxide equivalents produced per mile of travel powered by fuel,KG/MI,AssignHhVehiclePowertrain,test,"","",,None,Vehicle_test_2038.csv
2038,Vehicle,ElecCO2ePM,Average grams of carbon-dioxide equivalents produced per mile of travel powered by electricity,KG/MI,AssignHhVehiclePowertrain,test,"","",,None,Vehicle_test_2038.csv
2038,Vehicle,DvmtProp,Proportion of household DVMT allocated to vehicle,proportion,CalculateVehicleOperatingCost,test,"","",,None,Vehicle_test_2038.csv
2038,Vehicle,Global,Global group indicator,"","",test,"","","","",Vehicle_test_2038.csv
2038,Vehicle,Year,Year group indicator,"","",test,"","","","",Vehicle_test_2038.csv
2038,Vehicle,Scenario,Scenario group indicator,"","",test,"","","","",Vehicle_test_2038.csv
